#
# A fatal error has been detected by the Java Runtime Environment:
#
#  SIGBUS (0xa) at pc=0x00000001099a5778, pid=49143, tid=24579
#
# JRE version: OpenJDK Runtime Environment Homebrew (21.0.12.1) (build 21.0.12.1)
# Java VM: OpenJDK 64-Bit Server VM Homebrew (21.0.12.1, mixed mode, sharing, tiered, compressed oops, compressed class ptrs, g1 gc, bsd-aarch64)
# Problematic frame:
# V  [libjvm.dylib+0x2a9778]  PhaseIdealLoop::Dominators()+0xb4
#
# No core dump will be written. Core dumps have been disabled. To enable core dumping, try "ulimit -c unlimited" before starting Java again
#
# If you would like to submit a bug report, please visit:
#   https://github.com/Homebrew/homebrew-core/issues
#

---------------  S U M M A R Y ------------

Command Line: -Djava.library.path=native tt.Dump

Host: "Mac14,2" arm64, 8 cores, 8G, Darwin 24.5.0, macOS 15.5 (24F74)
Time: Fri Sep  4 09:39:20 2026 +07 elapsed time: 6.588102 seconds (0d 0h 0m 6s)

---------------  T H R E A D  ---------------

Current thread (0x000000014801c400):  JavaThread "C2 CompilerThread0" daemon [_thread_in_native, id=24579, stack(0x000000016d720000,0x000000016d923000) (2060K)]


Current CompileTask:
C2:6588 1598   !   4       com.github.unidbg.arm.backend.UnicornBackend::mem_read (53 bytes)

Stack: [0x000000016d720000,0x000000016d923000],  sp=0x000000016d91f690,  free space=2045k
Native frames: (J=compiled Java code, j=interpreted, Vv=VM code, C=native code)
V  [libjvm.dylib+0x2a9778]  PhaseIdealLoop::Dominators()+0xb4
V  [libjvm.dylib+0x587638]  PhaseIdealLoop::build_and_optimize()+0x310
V  [libjvm.dylib+0x20eeb8]  PhaseIdealLoop::PhaseIdealLoop(PhaseIterGVN&, LoopOptsMode)+0xd8
V  [libjvm.dylib+0x209a24]  PhaseIdealLoop::optimize(PhaseIterGVN&, LoopOptsMode)+0x58
V  [libjvm.dylib+0x206dcc]  Compile::Optimize()+0x4a0
V  [libjvm.dylib+0x205f5c]  Compile::Compile(ciEnv*, ciMethod*, int, Options, DirectiveSet*)+0x8bc
V  [libjvm.dylib+0x188144]  C2Compiler::compile_method(ciEnv*, ciMethod*, int, bool, DirectiveSet*)+0x110
V  [libjvm.dylib+0x212dc4]  CompileBroker::invoke_compiler_on_method(CompileTask*)+0x460
V  [libjvm.dylib+0x2127d0]  CompileBroker::compiler_thread_loop()+0x210
V  [libjvm.dylib+0x3b34c8]  JavaThread::thread_main_inner()+0x80
V  [libjvm.dylib+0x3b3328]  JavaThread::run()+0x15c
V  [libjvm.dylib+0x7acecc]  Thread::call_run()+0x8c
V  [libjvm.dylib+0x6459a0]  thread_native_entry(Thread*)+0xcc
C  [libsystem_pthread.dylib+0x6c0c]  _pthread_start+0x88

siginfo: si_signo: 10 (SIGBUS), si_code: 1 (BUS_ADRALN), si_addr: 0x00000001380815a0

Registers:
 x0=0x0000000138058010  x1=0x0000000000059940  x2=0x0000000138088000  x3=0x0000000000000203
 x4=0x0000000148028ec0  x5=0x0000000000000001  x6=0x0000000000000000  x7=0x0000000000000000
 x8=0x0000000000000000  x9=0x0000000000000846 x10=0x00000001380815a0 x11=0x00000000ffffffff
x12=0x000000000000a3dc x13=0x0000000138000028 x14=0x00000000ffff8203 x15=0x0000000000000010
x16=0x0000000007ff7fff x17=0x0000000148a12af0 x18=0x0000000000000000 x19=0x0000000000000050
x20=0x000000016d91fa78 x21=0x0000000138058010 x22=0x0000000148a12b58 x23=0x0000000000000000
x24=0x0000000147e15330 x25=0x0000000000000002 x26=0x0000000000000001 x27=0x0000000000000000
x28=0x0000010101010101  fp=0x000000016d91f750  lr=0x00000001099a5730  sp=0x000000016d91f690
pc=0x00000001099a5778 cpsr=0x0000000020001000

Register to memory mapping:

x0 =0x0000000138058010 points into unknown readable memory: 0x00000001480cd438 | 38 d4 0c 48 01 00 00 00
x1 =0x0000000000059940 is an unknown value
x2 =0x0000000138088000 points into unknown readable memory: 0x10ffacc352800022 | 22 00 80 52 c3 ac ff 10
x3 =0x0000000000000203 is an unknown value
x4 =0x0000000148028ec0 points into unknown readable memory: 0x0000000000000000 | 00 00 00 00 00 00 00 00
x5 =0x0000000000000001 is an unknown value
x6 =0x0 is null
x7 =0x0 is null
x8 =0x0 is null
x9 =0x0000000000000846 is an unknown value
x10=0x00000001380815a0 points into unknown readable memory: 0x2a0003f4d63f03c0 | c0 03 3f d6 f4 03 00 2a
x11=0x00000000ffffffff is an unknown value
x12=0x000000000000a3dc is an unknown value
x13=0x0000000138000028 points into unknown readable memory: 0x0000000400000002 | 02 00 00 00 04 00 00 00
x14=0x00000000ffff8203 is an unknown value
x15=0x0000000000000010 is an unknown value
x16=0x0000000007ff7fff is an unknown value
x17=0x0000000148a12af0 points into unknown readable memory: 0x00000000ffffffff | ff ff ff ff 00 00 00 00
x18=0x0 is null
x19=0x0000000000000050 is an unknown value
x20=0x000000016d91fa78 is pointing into the stack for thread: 0x000000014801c400
x21=0x0000000138058010 points into unknown readable memory: 0x00000001480cd438 | 38 d4 0c 48 01 00 00 00
x22=0x0000000148a12b58 points into unknown readable memory: 0x000000014801c400 | 00 c4 01 48 01 00 00 00
x23=0x0 is null
x24=0x0000000147e15330 points into unknown readable memory: 0x0000000000000007 | 07 00 00 00 00 00 00 00
x25=0x0000000000000002 is an unknown value
x26=0x0000000000000001 is an unknown value
x27=0x0 is null
x28=0x0000010101010101 is an unknown value
 fp=0x000000016d91f750 is pointing into the stack for thread: 0x000000014801c400
 lr=0x00000001099a5730: _ZN14PhaseIdealLoop10DominatorsEv+0x6c in /opt/homebrew/Cellar/openjdk@21/21.0.12.1/libexec/openjdk.jdk/Contents/Home/lib/server/libjvm.dylib at 0x00000001096fc000
 sp=0x000000016d91f690 is pointing into the stack for thread: 0x000000014801c400

Top of Stack: (sp=0x000000016d91f690)
0x000000016d91f690:   000000016d91f6c0 00000001097f9d68   ...m....h.......
0x000000016d91f6a0:   0000000000000003 0000000149116450   ........Pd.I....
0x000000016d91f6b0:   0000000000000000 0000000000007fd8   ................
0x000000016d91f6c0:   000000016d91f710 00000001097f9cbc   ...m............
0x000000016d91f6d0:   00000001490b1850 0000000147e15330   P..I....0S.G....
0x000000016d91f6e0:   0000000148024c00 000000014802af58   .L.H....X..H....
0x000000016d91f6f0:   000000014802cbe8 0000000000030310   ...H............
0x000000016d91f700:   0000010101010101 0000000000000000   ................
0x000000016d91f710:   0000000000000001 0000000000000002   ................
0x000000016d91f720:   000000016d920fa8 0000000000000000   ...m............
0x000000016d91f730:   0000000148a12b58 0000000148913ad0   X+.H.....:.H....
0x000000016d91f740:   0000000000000000 000000016d91fa78   ........x..m....
0x000000016d91f750:   000000016d91fa30 0000000109c83638   0..m....86......
0x000000016d91f760:   000000014904a0d0 000000014806da28   ...I....(..H....
0x000000016d91f770:   000000016d920638 000000014806da28   8..m....(..H....
0x000000016d91f780:   000000016d91f880 0000000109d6d3f4   ...m............
0x000000016d91f790:   00000000ffffffff 0000000000000010   ................
0x000000016d91f7a0:   00000001480bffd0 000000014903c4f8   ...H.......I....
0x000000016d91f7b0:   0000000000000010 000000016d91f898   ...........m....
0x000000016d91f7c0:   000000016d91f7e0 0000000109d24f14   ...m.....O......
0x000000016d91f7d0:   00000001490b0758 00000001490b0820   X..I.... ..I....
0x000000016d91f7e0:   00000001490fc0a0 00000001490b0830   ...I....0..I....
0x000000016d91f7f0:   000000016d91f820 0000000109eb9940    ..m....@.......
0x000000016d91f800:   00000000ca075365 0000000148d953e0   eS.......S.H....
0x000000016d91f810:   000000014a066948 000000014805c620   Hi.J.... ..H....
0x000000016d91f820:   000000016d91f840 0000000109eb9870   @..m....p.......
0x000000016d91f830:   000000014a066948 000000014a066948   Hi.J....Hi.J....
0x000000016d91f840:   000000016d91f870 0000000109eb9940   p..m....@.......
0x000000016d91f850:   000000016d91f8c0 000000019cf962f0   ...m.....b......
0x000000016d91f860:   000000016d91f890 0000000109ea9a28   ...m....(.......
0x000000016d91f870:   0000000000000001 0000000109ea9abc   ................
0x000000016d91f880:   000000010a194cfc 000000010a19c5a8   .L..............

Instructions: (pc=0x00000001099a5778)
0x00000001099a5678:   ff 02 18 eb 63 fe ff 54 88 02 40 f9 08 19 40 f9
0x00000001099a5688:   88 02 00 f9 c8 1a 00 f9 61 02 40 f9 28 04 40 f9
0x00000001099a5698:   02 05 40 f9 e0 03 15 aa 03 83 f9 97 88 02 40 f9
0x00000001099a56a8:   08 01 40 f9 68 02 00 f9 fd 7b 43 a9 f4 4f 42 a9
0x00000001099a56b8:   f6 57 41 a9 f8 5f c4 a8 c0 03 5f d6 ff 43 03 d1
0x00000001099a56c8:   fc 6f 07 a9 fa 67 08 a9 f8 5f 09 a9 f6 57 0a a9
0x00000001099a56d8:   f4 4f 0b a9 fd 7b 0c a9 fd 03 03 91 f4 03 00 aa
0x00000001099a56e8:   00 3f 00 b0 00 80 0c 91 08 00 40 f9 00 01 3f d6
0x00000001099a56f8:   08 00 40 f9 18 91 41 f9 f8 27 00 f9 00 07 c0 3d
0x00000001099a5708:   e0 03 85 3c 08 27 42 a9 e8 27 06 a9 88 0a 40 f9
0x00000001099a5718:   08 51 42 b9 08 05 00 11 13 0a 80 52 00 7d b3 9b
0x00000001099a5728:   01 00 80 52 97 e7 0f 94 f5 03 00 aa 88 0a 40 f9
0x00000001099a5738:   08 51 42 b9 0a 05 00 71 04 03 00 54 08 00 80 d2
0x00000001099a5748:   49 09 00 11 29 79 7f 92 40 0d 08 4e 4a 55 b3 9b
0x00000001099a5758:   ab 34 00 b0 61 4d c1 3d 02 0d 08 4e 42 1c a1 4e
0x00000001099a5768:   02 3c e2 6e 42 28 a1 0e 4b 00 26 1e 4b 00 00 36
0x00000001099a5778:   5f 01 00 f9 4b 3c 0c 0e 4b 00 00 36 5f 01 1b f8
0x00000001099a5788:   08 09 00 91 4a 81 02 d1 3f 01 08 eb 61 fe ff 54
0x00000001099a5798:   88 0a 40 f9 08 51 42 b9 08 05 00 11 00 7d 7e d3
0x00000001099a57a8:   01 00 80 52 77 e7 0f 94 f6 03 00 aa 88 0a 40 f9
0x00000001099a57b8:   08 51 42 b9 08 05 00 11 02 7d 7e d3 e1 1f 80 52
0x00000001099a57c8:   cf f9 17 94 e0 a3 00 91 95 06 15 94 e1 a3 00 91
0x00000001099a57d8:   e0 03 15 aa e2 03 14 aa e3 03 16 aa ca 00 00 94
0x00000001099a57e8:   bf 06 00 f9 b5 0e 00 f9 1f 08 00 71 8d 0e 00 54
0x00000001099a57f8:   f8 0b 00 f9 e0 0f 00 b9 fb 03 00 2a 1c 0a 80 52
0x00000001099a5808:   fb 03 00 f9 73 07 00 d1 79 56 1c 9b 38 03 40 f9
0x00000001099a5818:   08 1b 40 b9 48 03 00 34 1a 00 80 d2 08 07 40 f9
0x00000001099a5828:   00 79 7a f8 40 02 00 b4 08 00 40 f9 08 09 40 f9
0x00000001099a5838:   00 01 3f d6 c0 01 00 34 08 07 40 f9 08 79 7a f8
0x00000001099a5848:   08 29 40 b9 c8 7a 68 b8 1f 05 00 31 00 01 00 54
0x00000001099a5858:   00 55 bc 9b 66 fe ff 97 08 08 40 b9 29 0b 40 b9
0x00000001099a5868:   1f 01 09 6b 42 00 00 54 28 0b 00 b9 5a 07 00 91


Stack slot to memory mapping:

stack at sp + 0 slots: 0x000000016d91f6c0 is pointing into the stack for thread: 0x000000014801c400
stack at sp + 1 slots: 0x00000001097f9d68: _ZN9ChunkPool8allocateEv+0x34 in /opt/homebrew/Cellar/openjdk@21/21.0.12.1/libexec/openjdk.jdk/Contents/Home/lib/server/libjvm.dylib at 0x00000001096fc000
stack at sp + 2 slots: 0x0000000000000003 is an unknown value
stack at sp + 3 slots: 0x0000000149116450 points into unknown readable memory: 0x0000000149116160 | 60 61 11 49 01 00 00 00
stack at sp + 4 slots: 0x0 is null
stack at sp + 5 slots: 0x0000000000007fd8 is an unknown value
stack at sp + 6 slots: 0x000000016d91f710 is pointing into the stack for thread: 0x000000014801c400
stack at sp + 7 slots: 0x00000001097f9cbc: _ZN5ChunknwEmN17AllocFailStrategy13AllocFailEnumEm+0x4c in /opt/homebrew/Cellar/openjdk@21/21.0.12.1/libexec/openjdk.jdk/Contents/Home/lib/server/libjvm.dylib at 0x00000001096fc000


---------------  P R O C E S S  ---------------

Threads class SMR info:
_java_thread_list=0x0000000147e4f110, length=9, elements={
0x0000000148018000, 0x000000014800c600, 0x000000014800e400, 0x000000012601da00,
0x0000000148018800, 0x000000014801c400, 0x000000014a009200, 0x000000014a009a00,
0x0000000149820e00
}

Java Threads: ( => current thread )
  0x0000000148018000 JavaThread "Reference Handler"          daemon [_thread_blocked, id=23555, stack(0x000000016cce4000,0x000000016cee7000) (2060K)]
  0x000000014800c600 JavaThread "Finalizer"                  daemon [_thread_blocked, id=23811, stack(0x000000016cef0000,0x000000016d0f3000) (2060K)]
  0x000000014800e400 JavaThread "Signal Dispatcher"          daemon [_thread_blocked, id=28419, stack(0x000000016d0fc000,0x000000016d2ff000) (2060K)]
  0x000000012601da00 JavaThread "Service Thread"             daemon [_thread_blocked, id=27907, stack(0x000000016d308000,0x000000016d50b000) (2060K)]
  0x0000000148018800 JavaThread "Monitor Deflation Thread"   daemon [_thread_blocked, id=27651, stack(0x000000016d514000,0x000000016d717000) (2060K)]
=>0x000000014801c400 JavaThread "C2 CompilerThread0"         daemon [_thread_in_native, id=24579, stack(0x000000016d720000,0x000000016d923000) (2060K)]
  0x000000014a009200 JavaThread "C1 CompilerThread0"         daemon [_thread_blocked, id=25091, stack(0x000000016d92c000,0x000000016db2f000) (2060K)]
  0x000000014a009a00 JavaThread "Notification Thread"        daemon [_thread_blocked, id=27395, stack(0x000000016db38000,0x000000016dd3b000) (2060K)]
  0x0000000149820e00 JavaThread "Common-Cleaner"             daemon [_thread_blocked, id=26883, stack(0x000000016dd44000,0x000000016df47000) (2060K)]
Total: 9

Other Threads:
  0x0000000148b0ca20 VMThread "VM Thread"                           [id=19971, stack(0x000000016c9c0000,0x000000016cbc3000) (2060K)] _threads_hazard_ptr=0x0000000147e4f110
  0x0000000148d06a30 WorkerThread "GC Thread#0"                     [id=12547, stack(0x000000016bd78000,0x000000016bf7b000) (2060K)]
  0x0000000148887500 WorkerThread "GC Thread#1"                     [id=26371, stack(0x000000016df50000,0x000000016e153000) (2060K)]
  0x0000000148887f40 WorkerThread "GC Thread#2"                     [id=25603, stack(0x000000016e15c000,0x000000016e35f000) (2060K)]
  0x0000000147e848a0 WorkerThread "GC Thread#3"                     [id=32771, stack(0x000000016e368000,0x000000016e56b000) (2060K)]
  0x0000000148d98620 WorkerThread "GC Thread#4"                     [id=23303, stack(0x000000016e574000,0x000000016e777000) (2060K)]
  0x00000001489144b0 ConcurrentGCThread "G1 Main Marker"            terminated
  0x0000000148b081c0 WorkerThread "G1 Conc#0"                       [id=13827, stack(0x000000016c190000,0x000000016c393000) (2060K)]
  0x000000014a055200 ConcurrentGCThread "G1 Refine#0"               terminated
  0x000000014892c7c0 ConcurrentGCThread "G1 Service"                terminated
Total: 10

Threads with active compile tasks:
C2 CompilerThread0  6625 1598   !   4       com.github.unidbg.arm.backend.UnicornBackend::mem_read (53 bytes)
Total: 1

VM state: at safepoint (normal execution)

VM Mutex/Monitor currently owned by a thread:  ([mutex/lock_event])
[0x000000010a1fb9a0] Threads_lock - owner thread: 0x0000000148b0ca20
[0x000000010a1fba20] Heap_lock - owner thread: 0x000000014800dc00

Heap address: 0x0000000780000000, size: 2048 MB, Compressed Oops mode: Zero based, Oop shift amount: 3

CDS archive(s) mapped at: [0x000000f000000000-0x000000f000c94000-0x000000f000c94000), size 13189120, SharedBaseAddress: 0x000000f000000000, ArchiveRelocationMode: 1.
Compressed class space mapped at: 0x000000f001000000-0x000000f041000000, reserved size: 1073741824
Narrow klass base: 0x000000f000000000, Narrow klass shift: 0, Narrow klass range: 0x100000000

GC Precious Log:
 CardTable entry size: 512
 Card Set container configuration: InlinePtr #cards 5 size 8 Array Of Cards #cards 12 size 40 Howl #buckets 4 coarsen threshold 1843 Howl Bitmap #cards 512 size 80 coarsen threshold 460 Card regions per heap region 1 cards per card region 2048
 CPUs: 8 total, 8 available
 Memory: 8192M
 Large Page Support: Disabled
 NUMA Support: Disabled
 Compressed Oops: Enabled (Zero based)
 Heap Region Size: 1M
 Heap Min Capacity: 8M
 Heap Initial Capacity: 128M
 Heap Max Capacity: 2G
 Pre-touch: Disabled
 Parallel Workers: 8
 Concurrent Workers: 2
 Concurrent Refinement Workers: 8
 Periodic GC: Disabled

Heap:
 garbage-first heap   total 133120K, used 22795K [0x0000000780000000, 0x0000000800000000)
  region size 1024K, 16 young (16384K), 2 survivors (2048K)
 Metaspace       used 6841K, committed 7168K, reserved 1114112K
  class space    used 819K, committed 960K, reserved 1048576K

Heap Regions: E=young(eden), S=young(survivor), O=old, HS=humongous(starts), HC=humongous(continues), CS=collection set, F=free, TAMS=top-at-mark-start, PB=parsable bottom
|   0|0x0000000780000000, 0x0000000780000000, 0x0000000780100000|  0%| F|  |TAMS 0x0000000780000000| PB 0x0000000780000000| Untracked 
|   1|0x0000000780100000, 0x0000000780200000, 0x0000000780200000|100%|HS|  |TAMS 0x0000000780100000| PB 0x0000000780100000| Complete 
|   2|0x0000000780200000, 0x0000000780200000, 0x0000000780300000|  0%| F|  |TAMS 0x0000000780200000| PB 0x0000000780200000| Untracked 
|   3|0x0000000780300000, 0x0000000780400000, 0x0000000780400000|100%|HS|  |TAMS 0x0000000780300000| PB 0x0000000780300000| Complete 
|   4|0x0000000780400000, 0x0000000780500000, 0x0000000780500000|100%| O|  |TAMS 0x0000000780400000| PB 0x0000000780400000| Untracked 
|   5|0x0000000780500000, 0x0000000780600000, 0x0000000780600000|100%| O|  |TAMS 0x0000000780500000| PB 0x0000000780500000| Untracked 
|   6|0x0000000780600000, 0x0000000780600000, 0x0000000780700000|  0%| F|  |TAMS 0x0000000780600000| PB 0x0000000780600000| Untracked 
|   7|0x0000000780700000, 0x0000000780800000, 0x0000000780800000|100%| O|  |TAMS 0x0000000780700000| PB 0x0000000780700000| Untracked 
|   8|0x0000000780800000, 0x0000000780900000, 0x0000000780900000|100%| O|  |TAMS 0x0000000780800000| PB 0x0000000780800000| Untracked 
|   9|0x0000000780900000, 0x00000007809e44e0, 0x0000000780a00000| 89%| O|  |TAMS 0x0000000780900000| PB 0x0000000780900000| Untracked 
|  10|0x0000000780a00000, 0x0000000780a00000, 0x0000000780b00000|  0%| F|  |TAMS 0x0000000780a00000| PB 0x0000000780a00000| Untracked 
|  11|0x0000000780b00000, 0x0000000780b00000, 0x0000000780c00000|  0%| F|  |TAMS 0x0000000780b00000| PB 0x0000000780b00000| Untracked 
|  12|0x0000000780c00000, 0x0000000780c00000, 0x0000000780d00000|  0%| F|  |TAMS 0x0000000780c00000| PB 0x0000000780c00000| Untracked 
|  13|0x0000000780d00000, 0x0000000780d00000, 0x0000000780e00000|  0%| F|  |TAMS 0x0000000780d00000| PB 0x0000000780d00000| Untracked 
|  14|0x0000000780e00000, 0x0000000780e00000, 0x0000000780f00000|  0%| F|  |TAMS 0x0000000780e00000| PB 0x0000000780e00000| Untracked 
|  15|0x0000000780f00000, 0x0000000780f00000, 0x0000000781000000|  0%| F|  |TAMS 0x0000000780f00000| PB 0x0000000780f00000| Untracked 
|  16|0x0000000781000000, 0x0000000781000000, 0x0000000781100000|  0%| F|  |TAMS 0x0000000781000000| PB 0x0000000781000000| Untracked 
|  17|0x0000000781100000, 0x0000000781100000, 0x0000000781200000|  0%| F|  |TAMS 0x0000000781100000| PB 0x0000000781100000| Untracked 
|  18|0x0000000781200000, 0x0000000781200000, 0x0000000781300000|  0%| F|  |TAMS 0x0000000781200000| PB 0x0000000781200000| Untracked 
|  19|0x0000000781300000, 0x0000000781300000, 0x0000000781400000|  0%| F|  |TAMS 0x0000000781300000| PB 0x0000000781300000| Untracked 
|  20|0x0000000781400000, 0x0000000781400000, 0x0000000781500000|  0%| F|  |TAMS 0x0000000781400000| PB 0x0000000781400000| Untracked 
|  21|0x0000000781500000, 0x0000000781500000, 0x0000000781600000|  0%| F|  |TAMS 0x0000000781500000| PB 0x0000000781500000| Untracked 
|  22|0x0000000781600000, 0x0000000781600000, 0x0000000781700000|  0%| F|  |TAMS 0x0000000781600000| PB 0x0000000781600000| Untracked 
|  23|0x0000000781700000, 0x0000000781700000, 0x0000000781800000|  0%| F|  |TAMS 0x0000000781700000| PB 0x0000000781700000| Untracked 
|  24|0x0000000781800000, 0x0000000781800000, 0x0000000781900000|  0%| F|  |TAMS 0x0000000781800000| PB 0x0000000781800000| Untracked 
|  25|0x0000000781900000, 0x0000000781900000, 0x0000000781a00000|  0%| F|  |TAMS 0x0000000781900000| PB 0x0000000781900000| Untracked 
|  26|0x0000000781a00000, 0x0000000781a00000, 0x0000000781b00000|  0%| F|  |TAMS 0x0000000781a00000| PB 0x0000000781a00000| Untracked 
|  27|0x0000000781b00000, 0x0000000781b00000, 0x0000000781c00000|  0%| F|  |TAMS 0x0000000781b00000| PB 0x0000000781b00000| Untracked 
|  28|0x0000000781c00000, 0x0000000781c00000, 0x0000000781d00000|  0%| F|  |TAMS 0x0000000781c00000| PB 0x0000000781c00000| Untracked 
|  29|0x0000000781d00000, 0x0000000781d00000, 0x0000000781e00000|  0%| F|  |TAMS 0x0000000781d00000| PB 0x0000000781d00000| Untracked 
|  30|0x0000000781e00000, 0x0000000781e00000, 0x0000000781f00000|  0%| F|  |TAMS 0x0000000781e00000| PB 0x0000000781e00000| Untracked 
|  31|0x0000000781f00000, 0x0000000781f00000, 0x0000000782000000|  0%| F|  |TAMS 0x0000000781f00000| PB 0x0000000781f00000| Untracked 
|  32|0x0000000782000000, 0x0000000782000000, 0x0000000782100000|  0%| F|  |TAMS 0x0000000782000000| PB 0x0000000782000000| Untracked 
|  33|0x0000000782100000, 0x0000000782100000, 0x0000000782200000|  0%| F|  |TAMS 0x0000000782100000| PB 0x0000000782100000| Untracked 
|  34|0x0000000782200000, 0x0000000782200000, 0x0000000782300000|  0%| F|  |TAMS 0x0000000782200000| PB 0x0000000782200000| Untracked 
|  35|0x0000000782300000, 0x0000000782300000, 0x0000000782400000|  0%| F|  |TAMS 0x0000000782300000| PB 0x0000000782300000| Untracked 
|  36|0x0000000782400000, 0x0000000782400000, 0x0000000782500000|  0%| F|  |TAMS 0x0000000782400000| PB 0x0000000782400000| Untracked 
|  37|0x0000000782500000, 0x0000000782500000, 0x0000000782600000|  0%| F|  |TAMS 0x0000000782500000| PB 0x0000000782500000| Untracked 
|  38|0x0000000782600000, 0x0000000782600000, 0x0000000782700000|  0%| F|  |TAMS 0x0000000782600000| PB 0x0000000782600000| Untracked 
|  39|0x0000000782700000, 0x0000000782700000, 0x0000000782800000|  0%| F|  |TAMS 0x0000000782700000| PB 0x0000000782700000| Untracked 
|  40|0x0000000782800000, 0x0000000782800000, 0x0000000782900000|  0%| F|  |TAMS 0x0000000782800000| PB 0x0000000782800000| Untracked 
|  41|0x0000000782900000, 0x0000000782900000, 0x0000000782a00000|  0%| F|  |TAMS 0x0000000782900000| PB 0x0000000782900000| Untracked 
|  42|0x0000000782a00000, 0x0000000782a00000, 0x0000000782b00000|  0%| F|  |TAMS 0x0000000782a00000| PB 0x0000000782a00000| Untracked 
|  43|0x0000000782b00000, 0x0000000782b00000, 0x0000000782c00000|  0%| F|  |TAMS 0x0000000782b00000| PB 0x0000000782b00000| Untracked 
|  44|0x0000000782c00000, 0x0000000782c00000, 0x0000000782d00000|  0%| F|  |TAMS 0x0000000782c00000| PB 0x0000000782c00000| Untracked 
|  45|0x0000000782d00000, 0x0000000782d00000, 0x0000000782e00000|  0%| F|  |TAMS 0x0000000782d00000| PB 0x0000000782d00000| Untracked 
|  46|0x0000000782e00000, 0x0000000782e00000, 0x0000000782f00000|  0%| F|  |TAMS 0x0000000782e00000| PB 0x0000000782e00000| Untracked 
|  47|0x0000000782f00000, 0x0000000782f00000, 0x0000000783000000|  0%| F|  |TAMS 0x0000000782f00000| PB 0x0000000782f00000| Untracked 
|  48|0x0000000783000000, 0x0000000783000000, 0x0000000783100000|  0%| F|  |TAMS 0x0000000783000000| PB 0x0000000783000000| Untracked 
|  49|0x0000000783100000, 0x0000000783100000, 0x0000000783200000|  0%| F|  |TAMS 0x0000000783100000| PB 0x0000000783100000| Untracked 
|  50|0x0000000783200000, 0x0000000783200000, 0x0000000783300000|  0%| F|  |TAMS 0x0000000783200000| PB 0x0000000783200000| Untracked 
|  51|0x0000000783300000, 0x0000000783300000, 0x0000000783400000|  0%| F|  |TAMS 0x0000000783300000| PB 0x0000000783300000| Untracked 
|  52|0x0000000783400000, 0x0000000783400000, 0x0000000783500000|  0%| F|  |TAMS 0x0000000783400000| PB 0x0000000783400000| Untracked 
|  53|0x0000000783500000, 0x0000000783500000, 0x0000000783600000|  0%| F|  |TAMS 0x0000000783500000| PB 0x0000000783500000| Untracked 
|  54|0x0000000783600000, 0x0000000783600000, 0x0000000783700000|  0%| F|  |TAMS 0x0000000783600000| PB 0x0000000783600000| Untracked 
|  55|0x0000000783700000, 0x0000000783700000, 0x0000000783800000|  0%| F|  |TAMS 0x0000000783700000| PB 0x0000000783700000| Untracked 
|  56|0x0000000783800000, 0x0000000783800000, 0x0000000783900000|  0%| F|  |TAMS 0x0000000783800000| PB 0x0000000783800000| Untracked 
|  57|0x0000000783900000, 0x0000000783900000, 0x0000000783a00000|  0%| F|  |TAMS 0x0000000783900000| PB 0x0000000783900000| Untracked 
|  58|0x0000000783a00000, 0x0000000783a00000, 0x0000000783b00000|  0%| F|  |TAMS 0x0000000783a00000| PB 0x0000000783a00000| Untracked 
|  59|0x0000000783b00000, 0x0000000783b00000, 0x0000000783c00000|  0%| F|  |TAMS 0x0000000783b00000| PB 0x0000000783b00000| Untracked 
|  60|0x0000000783c00000, 0x0000000783c00000, 0x0000000783d00000|  0%| F|  |TAMS 0x0000000783c00000| PB 0x0000000783c00000| Untracked 
|  61|0x0000000783d00000, 0x0000000783d00000, 0x0000000783e00000|  0%| F|  |TAMS 0x0000000783d00000| PB 0x0000000783d00000| Untracked 
|  62|0x0000000783e00000, 0x0000000783e00000, 0x0000000783f00000|  0%| F|  |TAMS 0x0000000783e00000| PB 0x0000000783e00000| Untracked 
|  63|0x0000000783f00000, 0x0000000783f00000, 0x0000000784000000|  0%| F|  |TAMS 0x0000000783f00000| PB 0x0000000783f00000| Untracked 
|  64|0x0000000784000000, 0x0000000784000000, 0x0000000784100000|  0%| F|  |TAMS 0x0000000784000000| PB 0x0000000784000000| Untracked 
|  65|0x0000000784100000, 0x0000000784100000, 0x0000000784200000|  0%| F|  |TAMS 0x0000000784100000| PB 0x0000000784100000| Untracked 
|  66|0x0000000784200000, 0x0000000784200000, 0x0000000784300000|  0%| F|  |TAMS 0x0000000784200000| PB 0x0000000784200000| Untracked 
|  67|0x0000000784300000, 0x0000000784300000, 0x0000000784400000|  0%| F|  |TAMS 0x0000000784300000| PB 0x0000000784300000| Untracked 
|  68|0x0000000784400000, 0x0000000784400000, 0x0000000784500000|  0%| F|  |TAMS 0x0000000784400000| PB 0x0000000784400000| Untracked 
|  69|0x0000000784500000, 0x0000000784500000, 0x0000000784600000|  0%| F|  |TAMS 0x0000000784500000| PB 0x0000000784500000| Untracked 
|  70|0x0000000784600000, 0x0000000784600000, 0x0000000784700000|  0%| F|  |TAMS 0x0000000784600000| PB 0x0000000784600000| Untracked 
|  71|0x0000000784700000, 0x0000000784700000, 0x0000000784800000|  0%| F|  |TAMS 0x0000000784700000| PB 0x0000000784700000| Untracked 
|  72|0x0000000784800000, 0x0000000784800000, 0x0000000784900000|  0%| F|  |TAMS 0x0000000784800000| PB 0x0000000784800000| Untracked 
|  73|0x0000000784900000, 0x0000000784900000, 0x0000000784a00000|  0%| F|  |TAMS 0x0000000784900000| PB 0x0000000784900000| Untracked 
|  74|0x0000000784a00000, 0x0000000784a00000, 0x0000000784b00000|  0%| F|  |TAMS 0x0000000784a00000| PB 0x0000000784a00000| Untracked 
|  75|0x0000000784b00000, 0x0000000784b00000, 0x0000000784c00000|  0%| F|  |TAMS 0x0000000784b00000| PB 0x0000000784b00000| Untracked 
|  76|0x0000000784c00000, 0x0000000784c00000, 0x0000000784d00000|  0%| F|  |TAMS 0x0000000784c00000| PB 0x0000000784c00000| Untracked 
|  77|0x0000000784d00000, 0x0000000784d00000, 0x0000000784e00000|  0%| F|  |TAMS 0x0000000784d00000| PB 0x0000000784d00000| Untracked 
|  78|0x0000000784e00000, 0x0000000784e00000, 0x0000000784f00000|  0%| F|  |TAMS 0x0000000784e00000| PB 0x0000000784e00000| Untracked 
|  79|0x0000000784f00000, 0x0000000784f00000, 0x0000000785000000|  0%| F|  |TAMS 0x0000000784f00000| PB 0x0000000784f00000| Untracked 
|  80|0x0000000785000000, 0x0000000785000000, 0x0000000785100000|  0%| F|  |TAMS 0x0000000785000000| PB 0x0000000785000000| Untracked 
|  81|0x0000000785100000, 0x0000000785100000, 0x0000000785200000|  0%| F|  |TAMS 0x0000000785100000| PB 0x0000000785100000| Untracked 
|  82|0x0000000785200000, 0x0000000785200000, 0x0000000785300000|  0%| F|  |TAMS 0x0000000785200000| PB 0x0000000785200000| Untracked 
|  83|0x0000000785300000, 0x0000000785300000, 0x0000000785400000|  0%| F|  |TAMS 0x0000000785300000| PB 0x0000000785300000| Untracked 
|  84|0x0000000785400000, 0x0000000785400000, 0x0000000785500000|  0%| F|  |TAMS 0x0000000785400000| PB 0x0000000785400000| Untracked 
|  85|0x0000000785500000, 0x0000000785500000, 0x0000000785600000|  0%| F|  |TAMS 0x0000000785500000| PB 0x0000000785500000| Untracked 
|  86|0x0000000785600000, 0x0000000785600000, 0x0000000785700000|  0%| F|  |TAMS 0x0000000785600000| PB 0x0000000785600000| Untracked 
|  87|0x0000000785700000, 0x0000000785700000, 0x0000000785800000|  0%| F|  |TAMS 0x0000000785700000| PB 0x0000000785700000| Untracked 
|  88|0x0000000785800000, 0x0000000785800000, 0x0000000785900000|  0%| F|  |TAMS 0x0000000785800000| PB 0x0000000785800000| Untracked 
|  89|0x0000000785900000, 0x0000000785900000, 0x0000000785a00000|  0%| F|  |TAMS 0x0000000785900000| PB 0x0000000785900000| Untracked 
|  90|0x0000000785a00000, 0x0000000785a00000, 0x0000000785b00000|  0%| F|  |TAMS 0x0000000785a00000| PB 0x0000000785a00000| Untracked 
|  91|0x0000000785b00000, 0x0000000785b00000, 0x0000000785c00000|  0%| F|  |TAMS 0x0000000785b00000| PB 0x0000000785b00000| Untracked 
|  92|0x0000000785c00000, 0x0000000785c567c0, 0x0000000785d00000| 33%| S|CS|TAMS 0x0000000785c00000| PB 0x0000000785c00000| Complete 
|  93|0x0000000785d00000, 0x0000000785e00000, 0x0000000785e00000|100%| S|CS|TAMS 0x0000000785d00000| PB 0x0000000785d00000| Complete 
|  94|0x0000000785e00000, 0x0000000785e00000, 0x0000000785f00000|  0%| F|  |TAMS 0x0000000785e00000| PB 0x0000000785e00000| Untracked 
|  95|0x0000000785f00000, 0x0000000785f00000, 0x0000000786000000|  0%| F|  |TAMS 0x0000000785f00000| PB 0x0000000785f00000| Untracked 
|  96|0x0000000786000000, 0x0000000786000000, 0x0000000786100000|  0%| F|  |TAMS 0x0000000786000000| PB 0x0000000786000000| Untracked 
|  97|0x0000000786100000, 0x0000000786100000, 0x0000000786200000|  0%| F|  |TAMS 0x0000000786100000| PB 0x0000000786100000| Untracked 
|  98|0x0000000786200000, 0x0000000786200000, 0x0000000786300000|  0%| F|  |TAMS 0x0000000786200000| PB 0x0000000786200000| Untracked 
|  99|0x0000000786300000, 0x0000000786300000, 0x0000000786400000|  0%| F|  |TAMS 0x0000000786300000| PB 0x0000000786300000| Untracked 
| 100|0x0000000786400000, 0x0000000786400000, 0x0000000786500000|  0%| F|  |TAMS 0x0000000786400000| PB 0x0000000786400000| Untracked 
| 101|0x0000000786500000, 0x0000000786500000, 0x0000000786600000|  0%| F|  |TAMS 0x0000000786500000| PB 0x0000000786500000| Untracked 
| 102|0x0000000786600000, 0x0000000786600000, 0x0000000786700000|  0%| F|  |TAMS 0x0000000786600000| PB 0x0000000786600000| Untracked 
| 103|0x0000000786700000, 0x0000000786700000, 0x0000000786800000|  0%| F|  |TAMS 0x0000000786700000| PB 0x0000000786700000| Untracked 
| 104|0x0000000786800000, 0x0000000786800000, 0x0000000786900000|  0%| F|  |TAMS 0x0000000786800000| PB 0x0000000786800000| Untracked 
| 105|0x0000000786900000, 0x0000000786900000, 0x0000000786a00000|  0%| F|  |TAMS 0x0000000786900000| PB 0x0000000786900000| Untracked 
| 106|0x0000000786a00000, 0x0000000786a00000, 0x0000000786b00000|  0%| F|  |TAMS 0x0000000786a00000| PB 0x0000000786a00000| Untracked 
| 107|0x0000000786b00000, 0x0000000786b00000, 0x0000000786c00000|  0%| F|  |TAMS 0x0000000786b00000| PB 0x0000000786b00000| Untracked 
| 108|0x0000000786c00000, 0x0000000786c00000, 0x0000000786d00000|  0%| F|  |TAMS 0x0000000786c00000| PB 0x0000000786c00000| Untracked 
| 109|0x0000000786d00000, 0x0000000786d00000, 0x0000000786e00000|  0%| F|  |TAMS 0x0000000786d00000| PB 0x0000000786d00000| Untracked 
| 110|0x0000000786e00000, 0x0000000786e00000, 0x0000000786f00000|  0%| F|  |TAMS 0x0000000786e00000| PB 0x0000000786e00000| Untracked 
| 111|0x0000000786f00000, 0x0000000786f00000, 0x0000000787000000|  0%| F|  |TAMS 0x0000000786f00000| PB 0x0000000786f00000| Untracked 
| 112|0x0000000787000000, 0x0000000787000000, 0x0000000787100000|  0%| F|  |TAMS 0x0000000787000000| PB 0x0000000787000000| Untracked 
| 113|0x0000000787100000, 0x0000000787100000, 0x0000000787200000|  0%| F|  |TAMS 0x0000000787100000| PB 0x0000000787100000| Untracked 
| 114|0x0000000787200000, 0x0000000787300000, 0x0000000787300000|100%| E|  |TAMS 0x0000000787200000| PB 0x0000000787200000| Complete 
| 115|0x0000000787300000, 0x0000000787400000, 0x0000000787400000|100%| E|CS|TAMS 0x0000000787300000| PB 0x0000000787300000| Complete 
| 116|0x0000000787400000, 0x0000000787500000, 0x0000000787500000|100%| E|CS|TAMS 0x0000000787400000| PB 0x0000000787400000| Complete 
| 117|0x0000000787500000, 0x0000000787600000, 0x0000000787600000|100%| E|CS|TAMS 0x0000000787500000| PB 0x0000000787500000| Complete 
| 118|0x0000000787600000, 0x0000000787700000, 0x0000000787700000|100%| E|CS|TAMS 0x0000000787600000| PB 0x0000000787600000| Complete 
| 119|0x0000000787700000, 0x0000000787800000, 0x0000000787800000|100%| E|CS|TAMS 0x0000000787700000| PB 0x0000000787700000| Complete 
| 120|0x0000000787800000, 0x0000000787900000, 0x0000000787900000|100%| E|CS|TAMS 0x0000000787800000| PB 0x0000000787800000| Complete 
| 121|0x0000000787900000, 0x0000000787a00000, 0x0000000787a00000|100%| E|CS|TAMS 0x0000000787900000| PB 0x0000000787900000| Complete 
| 122|0x0000000787a00000, 0x0000000787b00000, 0x0000000787b00000|100%| E|CS|TAMS 0x0000000787a00000| PB 0x0000000787a00000| Complete 
| 123|0x0000000787b00000, 0x0000000787c00000, 0x0000000787c00000|100%| E|CS|TAMS 0x0000000787b00000| PB 0x0000000787b00000| Complete 
| 124|0x0000000787c00000, 0x0000000787d00000, 0x0000000787d00000|100%| E|CS|TAMS 0x0000000787c00000| PB 0x0000000787c00000| Complete 
| 125|0x0000000787d00000, 0x0000000787e00000, 0x0000000787e00000|100%| E|CS|TAMS 0x0000000787d00000| PB 0x0000000787d00000| Complete 
| 126|0x0000000787e00000, 0x0000000787f00000, 0x0000000787f00000|100%| E|CS|TAMS 0x0000000787e00000| PB 0x0000000787e00000| Complete 
| 127|0x0000000787f00000, 0x0000000788000000, 0x0000000788000000|100%| E|CS|TAMS 0x0000000787f00000| PB 0x0000000787f00000| Complete 
|2046|0x00000007ffe00000, 0x00000007fff00000, 0x00000007fff00000|100%| O|  |TAMS 0x00000007ffe00000| PB 0x00000007ffe00000| Untracked 
|2047|0x00000007fff00000, 0x00000007fff08028, 0x0000000800000000|  3%| O|  |TAMS 0x00000007fff00000| PB 0x00000007fff00000| Untracked 

Card table byte_map: [0x0000000108c00000,0x0000000109000000] _byte_map_base: 0x0000000105000000

Marking Bits: (CMBitMap*) 0x000000014800ce10
 Bits: [0x0000000121cb0000, 0x0000000123cb0000)

Polling page: 0x00000001043a4000

Metaspace:

Usage:
  Non-class:      5.88 MB used.
      Class:    819.47 KB used.
       Both:      6.68 MB used.

Virtual space:
  Non-class space:       64.00 MB reserved,       6.06 MB (  9%) committed,  1 nodes.
      Class space:        1.00 GB reserved,     960.00 KB ( <1%) committed,  1 nodes.
             Both:        1.06 GB reserved,       7.00 MB ( <1%) committed. 

Chunk freelists:
   Non-Class:  8.73 MB
       Class:  14.91 MB
        Both:  23.63 MB

MaxMetaspaceSize: unlimited
CompressedClassSpaceSize: 1.00 GB
Initial GC threshold: 21.00 MB
Current GC threshold: 21.00 MB
CDS: on
 - commit_granule_bytes: 65536.
 - commit_granule_words: 8192.
 - virtual_space_node_default_size: 8388608.
 - enlarge_chunks_in_place: 1.
 - use_allocation_guard: 0.


Internal statistics:

num_allocs_failed_limit: 0.
num_arena_births: 264.
num_arena_deaths: 0.
num_vsnodes_births: 2.
num_vsnodes_deaths: 0.
num_space_committed: 112.
num_space_uncommitted: 0.
num_chunks_returned_to_freelist: 0.
num_chunks_taken_from_freelist: 452.
num_chunk_merges: 0.
num_chunk_splits: 299.
num_chunks_enlarged: 191.
num_inconsistent_stats: 0.

CodeHeap 'non-profiled nmethods': size=120032Kb used=554Kb max_used=554Kb free=119478Kb
 bounds [0x000000011a778000, 0x000000011a9e8000, 0x0000000121cb0000]
CodeHeap 'profiled nmethods': size=120016Kb used=3216Kb max_used=3216Kb free=116799Kb
 bounds [0x0000000112cb0000, 0x0000000112fe0000, 0x000000011a1e4000]
CodeHeap 'non-nmethods': size=5712Kb used=1348Kb max_used=1395Kb free=4363Kb
 bounds [0x000000011a1e4000, 0x000000011a454000, 0x000000011a778000]
CodeCache: size=245760Kb, used=5118Kb, max_used=5165Kb, free=240640Kb
 total_blobs=2054, nmethods=1545, adapters=418, full_count=0
Compilation: enabled, stopped_count=0, restarted_count=0

Compilation events (20 events):
Event: 6.382 Thread 0x000000014a009200 1593       3       com.github.unidbg.arm.backend.BackendException::<init> (7 bytes)
Event: 6.382 Thread 0x000000014a009200 nmethod 1593 0x0000000112fcf790 code [0x0000000112fcf940, 0x0000000112fcfb70]
Event: 6.382 Thread 0x000000014a009200 1590       3       unicorn.UnicornException::<init> (6 bytes)
Event: 6.382 Thread 0x000000014a009200 nmethod 1590 0x0000000112fcfc90 code [0x0000000112fcfe40, 0x0000000112fd0070]
Event: 6.382 Thread 0x000000014a009200 1592       3       java.lang.RuntimeException::<init> (7 bytes)
Event: 6.382 Thread 0x000000014a009200 nmethod 1592 0x0000000112fd0190 code [0x0000000112fd0340, 0x0000000112fd0510]
Event: 6.447 Thread 0x000000014801c400 nmethod 1581% 0x000000011a7fca90 code [0x000000011a7fd100, 0x000000011a7ffa08]
Event: 6.534 Thread 0x000000014801c400 1594       4       java.lang.Long::formatUnsignedLong0 (47 bytes)
Event: 6.558 Thread 0x000000014a009200 1595       3       java.lang.ref.Reference::enqueueFromPending (19 bytes)
Event: 6.559 Thread 0x000000014801c400 nmethod 1594 0x000000011a801b10 code [0x000000011a801cc0, 0x000000011a801ff8]
Event: 6.559 Thread 0x000000014a009200 nmethod 1595 0x0000000112fd0610 code [0x0000000112fd07c0, 0x0000000112fd0a20]
Event: 6.559 Thread 0x000000014a009200 1596       3       java.lang.ref.ReferenceQueue::enqueue0 (98 bytes)
Event: 6.559 Thread 0x000000014a009200 nmethod 1596 0x0000000112fd0b10 code [0x0000000112fd0d00, 0x0000000112fd1360]
Event: 6.560 Thread 0x000000014801c400 1597  s    4       java.lang.Throwable::fillInStackTrace (29 bytes)
Event: 6.561 Thread 0x000000014801c400 nmethod 1597 0x000000011a802190 code [0x000000011a802340, 0x000000011a802738]
Event: 6.573 Thread 0x000000014801c400 1598   !   4       com.github.unidbg.arm.backend.UnicornBackend::mem_read (53 bytes)
Event: 6.576 Thread 0x000000014a009200 1600   !   3       java.util.concurrent.ConcurrentHashMap::replaceNode (437 bytes)
Event: 6.578 Thread 0x000000014a009200 nmethod 1600 0x0000000112fd1490 code [0x0000000112fd18c0, 0x0000000112fd30b0]
Event: 6.578 Thread 0x000000014a009200 1601       3       java.lang.invoke.ClassSpecializer$SpeciesData::fieldCount (10 bytes)
Event: 6.578 Thread 0x000000014a009200 nmethod 1601 0x0000000112fd3d90 code [0x0000000112fd3f40, 0x0000000112fd4158]

GC Heap History (4 events):
Event: 3.204 GC heap before
{Heap before GC invocations=0 (full 0):
 garbage-first heap   total 133120K, used 28704K [0x0000000780000000, 0x0000000800000000)
  region size 1024K, 23 young (23552K), 0 survivors (0K)
 Metaspace       used 5966K, committed 6208K, reserved 1114112K
  class space    used 727K, committed 832K, reserved 1048576K
}
Event: 3.215 GC heap after
{Heap after GC invocations=1 (full 0):
 garbage-first heap   total 133120K, used 7835K [0x0000000780000000, 0x0000000800000000)
  region size 1024K, 3 young (3072K), 3 survivors (3072K)
 Metaspace       used 5966K, committed 6208K, reserved 1114112K
  class space    used 727K, committed 832K, reserved 1048576K
}
Event: 6.538 GC heap before
{Heap before GC invocations=1 (full 0):
 garbage-first heap   total 133120K, used 42651K [0x0000000780000000, 0x0000000800000000)
  region size 1024K, 34 young (34816K), 3 survivors (3072K)
 Metaspace       used 6834K, committed 7168K, reserved 1114112K
  class space    used 819K, committed 960K, reserved 1048576K
}
Event: 6.558 GC heap after
{Heap after GC invocations=2 (full 0):
 garbage-first heap   total 133120K, used 9483K [0x0000000780000000, 0x0000000800000000)
  region size 1024K, 2 young (2048K), 2 survivors (2048K)
 Metaspace       used 6834K, committed 7168K, reserved 1114112K
  class space    used 819K, committed 960K, reserved 1048576K
}

Dll operation events (20 events):
Event: 0.794 Attempting to load shared library /opt/homebrew/Cellar/openjdk@21/21.0.12.1/libexec/openjdk.jdk/Contents/Home/lib/libunicorn_java.dylib
Event: 0.794 Loading shared library /opt/homebrew/Cellar/openjdk@21/21.0.12.1/libexec/openjdk.jdk/Contents/Home/lib/libunicorn_java.dylib failed, dlopen(/opt/homebrew/Cellar/openjdk@21/21.0.12.1/libexec/openjdk.jdk/Contents/Home/lib/libunicorn_java.dylib, 0x0001): tri
Event: 0.794 Attempting to load shared library /opt/homebrew/Cellar/openjdk@21/21.0.12.1/libexec/openjdk.jdk/Contents/Home/lib/libunicorn_java.jnilib
Event: 0.794 Loading shared library /opt/homebrew/Cellar/openjdk@21/21.0.12.1/libexec/openjdk.jdk/Contents/Home/lib/libunicorn_java.jnilib failed, dlopen(/opt/homebrew/Cellar/openjdk@21/21.0.12.1/libexec/openjdk.jdk/Contents/Home/lib/libunicorn_java.jnilib, 0x0001): t
Event: 0.794 Attempting to load shared library /Users/lemanh/Documents/Tiktok-Android/signer/native/libunicorn_java.dylib
Event: 0.795 Loading shared library /Users/lemanh/Documents/Tiktok-Android/signer/native/libunicorn_java.dylib failed, dlopen(/Users/lemanh/Documents/Tiktok-Android/signer/native/libunicorn_java.dylib, 0x0001): tried: '/Users/lemanh/Documents/Tiktok-Android/signer/nat
Event: 0.795 Attempting to load shared library /Users/lemanh/Documents/Tiktok-Android/signer/native/libunicorn_java.jnilib
Event: 0.795 Loading shared library /Users/lemanh/Documents/Tiktok-Android/signer/native/libunicorn_java.jnilib failed, dlopen(/Users/lemanh/Documents/Tiktok-Android/signer/native/libunicorn_java.jnilib, 0x0001): tried: '/Users/lemanh/Documents/Tiktok-Android/signer/n
Event: 0.869 Attempting to load shared library /private/var/folders/qm/jfl8g5fn1zg_x_rh9fztk9s00000gn/T/nativelib-loader_16813277602998714818/libunicorn_java.dylib
Event: 1.556 Loaded shared library /private/var/folders/qm/jfl8g5fn1zg_x_rh9fztk9s00000gn/T/nativelib-loader_16813277602998714818/libunicorn_java.dylib
Event: 1.568 Attempting to load shared library /opt/homebrew/Cellar/openjdk@21/21.0.12.1/libexec/openjdk.jdk/Contents/Home/lib/libmanagement.dylib
Event: 1.570 Loaded shared library /opt/homebrew/Cellar/openjdk@21/21.0.12.1/libexec/openjdk.jdk/Contents/Home/lib/libmanagement.dylib
Event: 1.576 Attempting to load shared library /opt/homebrew/Cellar/openjdk@21/21.0.12.1/libexec/openjdk.jdk/Contents/Home/lib/libmanagement_ext.dylib
Event: 1.578 Loaded shared library /opt/homebrew/Cellar/openjdk@21/21.0.12.1/libexec/openjdk.jdk/Contents/Home/lib/libmanagement_ext.dylib
Event: 1.596 Attempting to load shared library /opt/homebrew/Cellar/openjdk@21/21.0.12.1/libexec/openjdk.jdk/Contents/Home/lib/libnet.dylib
Event: 1.596 Loaded shared library /opt/homebrew/Cellar/openjdk@21/21.0.12.1/libexec/openjdk.jdk/Contents/Home/lib/libnet.dylib
Event: 1.927 Attempting to load shared library /Users/lemanh/Library/Caches/JNA/temp/jna9114899308396203339.tmp
Event: 2.173 Loaded shared library /Users/lemanh/Library/Caches/JNA/temp/jna9114899308396203339.tmp
Event: 5.190 Attempting to load shared library /opt/homebrew/Cellar/openjdk@21/21.0.12.1/libexec/openjdk.jdk/Contents/Home/lib/libverify.dylib
Event: 5.194 Loaded shared library /opt/homebrew/Cellar/openjdk@21/21.0.12.1/libexec/openjdk.jdk/Contents/Home/lib/libverify.dylib

Deoptimization events (20 events):
Event: 6.322 Thread 0x000000014a00ea00 Uncommon trap: trap_request=0x00000009 fr.pc=0x000000011a7f8da8 relative=0x0000000000000528
Event: 6.322 Thread 0x000000014a00ea00 Uncommon trap: reason=unloaded action=reinterpret pc=0x000000011a7f8da8 method=com.github.unidbg.arm.backend.UnicornBackend.mem_read(JJ)[B @ 12 c2
Event: 6.322 Thread 0x000000014a00ea00 DEOPT PACKING pc=0x000000011a7f8da8 sp=0x000000016bd6d3b0
Event: 6.322 Thread 0x000000014a00ea00 DEOPT UNPACKING pc=0x000000011a22701c sp=0x000000016bd6d260 mode 2
Event: 6.322 Thread 0x000000014a00ea00 Uncommon trap: trap_request=0x00000009 fr.pc=0x000000011a7e9afc relative=0x00000000000000bc
Event: 6.322 Thread 0x000000014a00ea00 Uncommon trap: reason=unloaded action=reinterpret pc=0x000000011a7e9afc method=com.github.unidbg.arm.backend.UnicornBackend.mem_read(JJ)[B @ 12 c2
Event: 6.322 Thread 0x000000014a00ea00 DEOPT PACKING pc=0x000000011a7e9afc sp=0x000000016bd6d290
Event: 6.322 Thread 0x000000014a00ea00 DEOPT UNPACKING pc=0x000000011a22701c sp=0x000000016bd6d220 mode 2
Event: 6.343 Thread 0x000000014a00ea00 DEOPT PACKING pc=0x0000000112fb9748 sp=0x000000016bd6d220
Event: 6.343 Thread 0x000000014a00ea00 DEOPT UNPACKING pc=0x000000011a226e7c sp=0x000000016bd6cfe0 mode 0
Event: 6.355 Thread 0x000000014a00ea00 Uncommon trap: trap_request=0xffffff45 fr.pc=0x000000011a7f9af4 relative=0x00000000000004b4
Event: 6.355 Thread 0x000000014a00ea00 Uncommon trap: reason=unstable_if action=reinterpret pc=0x000000011a7f9af4 method=tt.Dump$5.hook(Lcom/github/unidbg/arm/backend/Backend;JILjava/lang/Object;)V @ 181 c2
Event: 6.355 Thread 0x000000014a00ea00 DEOPT PACKING pc=0x000000011a7f9af4 sp=0x000000016bd6d390
Event: 6.355 Thread 0x000000014a00ea00 DEOPT UNPACKING pc=0x000000011a22701c sp=0x000000016bd6d2d0 mode 2
Event: 6.363 Thread 0x000000014a00ea00 Uncommon trap: trap_request=0xffffff76 fr.pc=0x000000011a78fdd8 relative=0x0000000000000198
Event: 6.363 Thread 0x000000014a00ea00 Uncommon trap: reason=predicate action=maybe_recompile pc=0x000000011a78fdd8 method=java.util.regex.Pattern$BmpCharPropertyGreedy.match(Ljava/util/regex/Matcher;ILjava/lang/CharSequence;)Z @ 12 c2
Event: 6.363 Thread 0x000000014a00ea00 DEOPT PACKING pc=0x000000011a78fdd8 sp=0x000000016bd6cd30
Event: 6.363 Thread 0x000000014a00ea00 DEOPT UNPACKING pc=0x000000011a22701c sp=0x000000016bd6cce0 mode 2
Event: 6.388 Thread 0x000000014a00ea00 DEOPT PACKING pc=0x0000000112fc8348 sp=0x000000016bd6d170
Event: 6.388 Thread 0x000000014a00ea00 DEOPT UNPACKING pc=0x000000011a226e7c sp=0x000000016bd6cfe0 mode 3

Classes loaded (20 events):
Event: 5.323 Loading class sun/nio/ch/SelChImpl done
Event: 5.323 Loading class java/nio/channels/SocketChannel
Event: 5.323 Loading class java/nio/channels/NetworkChannel
Event: 5.323 Loading class java/nio/channels/NetworkChannel done
Event: 5.323 Loading class java/nio/channels/spi/AbstractSelectableChannel
Event: 5.323 Loading class java/nio/channels/SelectableChannel
Event: 5.323 Loading class java/nio/channels/SelectableChannel done
Event: 5.323 Loading class java/nio/channels/spi/AbstractSelectableChannel done
Event: 5.323 Loading class java/nio/channels/SocketChannel done
Event: 5.323 Loading class sun/nio/ch/SocketChannelImpl done
Event: 5.323 Loading class sun/nio/ch/ChannelInputStream
Event: 5.324 Loading class sun/nio/ch/ChannelInputStream done
Event: 5.324 Loading class sun/nio/ch/Util$BufferCache
Event: 5.324 Loading class sun/nio/ch/Util$BufferCache done
Event: 5.324 Loading class java/nio/DirectByteBuffer$Deallocator
Event: 5.325 Loading class java/nio/DirectByteBuffer$Deallocator done
Event: 6.358 Loading class sun/nio/fs/UnixChannelFactory$1
Event: 6.358 Loading class sun/nio/fs/UnixChannelFactory$1 done
Event: 6.358 Loading class sun/nio/ch/ChannelOutputStream
Event: 6.360 Loading class sun/nio/ch/ChannelOutputStream done

Classes unloaded (0 events):
No events

Classes redefined (0 events):
No events

Internal exceptions (20 events):
Event: 6.576 Thread 0x000000014a00ea00 Exception <a 'unicorn/UnicornException'{0x0000000787206de8}: Invalid memory read (UC_ERR_READ_UNMAPPED)> (0x0000000787206de8) 
thrown [src/hotspot/share/prims/jni.cpp, line 539]
Event: 6.576 Thread 0x000000014a00ea00 Exception <a 'unicorn/UnicornException'{0x0000000787208548}: Invalid memory read (UC_ERR_READ_UNMAPPED)> (0x0000000787208548) 
thrown [src/hotspot/share/prims/jni.cpp, line 539]
Event: 6.576 Thread 0x000000014a00ea00 Exception <a 'unicorn/UnicornException'{0x0000000787209ca8}: Invalid memory read (UC_ERR_READ_UNMAPPED)> (0x0000000787209ca8) 
thrown [src/hotspot/share/prims/jni.cpp, line 539]
Event: 6.576 Thread 0x000000014a00ea00 Exception <a 'unicorn/UnicornException'{0x000000078720b408}: Invalid memory read (UC_ERR_READ_UNMAPPED)> (0x000000078720b408) 
thrown [src/hotspot/share/prims/jni.cpp, line 539]
Event: 6.576 Thread 0x000000014a00ea00 Exception <a 'unicorn/UnicornException'{0x000000078720cb68}: Invalid memory read (UC_ERR_READ_UNMAPPED)> (0x000000078720cb68) 
thrown [src/hotspot/share/prims/jni.cpp, line 539]
Event: 6.576 Thread 0x000000014a00ea00 Exception <a 'unicorn/UnicornException'{0x000000078720e2c8}: Invalid memory read (UC_ERR_READ_UNMAPPED)> (0x000000078720e2c8) 
thrown [src/hotspot/share/prims/jni.cpp, line 539]
Event: 6.576 Thread 0x000000014a00ea00 Exception <a 'unicorn/UnicornException'{0x000000078720fa28}: Invalid memory read (UC_ERR_READ_UNMAPPED)> (0x000000078720fa28) 
thrown [src/hotspot/share/prims/jni.cpp, line 539]
Event: 6.576 Thread 0x000000014a00ea00 Exception <a 'unicorn/UnicornException'{0x0000000787211188}: Invalid memory read (UC_ERR_READ_UNMAPPED)> (0x0000000787211188) 
thrown [src/hotspot/share/prims/jni.cpp, line 539]
Event: 6.576 Thread 0x000000014a00ea00 Exception <a 'unicorn/UnicornException'{0x00000007872128e8}: Invalid memory read (UC_ERR_READ_UNMAPPED)> (0x00000007872128e8) 
thrown [src/hotspot/share/prims/jni.cpp, line 539]
Event: 6.576 Thread 0x000000014a00ea00 Exception <a 'unicorn/UnicornException'{0x0000000787214048}: Invalid memory read (UC_ERR_READ_UNMAPPED)> (0x0000000787214048) 
thrown [src/hotspot/share/prims/jni.cpp, line 539]
Event: 6.576 Thread 0x000000014a00ea00 Exception <a 'unicorn/UnicornException'{0x00000007872157a8}: Invalid memory read (UC_ERR_READ_UNMAPPED)> (0x00000007872157a8) 
thrown [src/hotspot/share/prims/jni.cpp, line 539]
Event: 6.576 Thread 0x000000014a00ea00 Exception <a 'unicorn/UnicornException'{0x0000000787216f08}: Invalid memory read (UC_ERR_READ_UNMAPPED)> (0x0000000787216f08) 
thrown [src/hotspot/share/prims/jni.cpp, line 539]
Event: 6.576 Thread 0x000000014a00ea00 Exception <a 'unicorn/UnicornException'{0x0000000787218668}: Invalid memory read (UC_ERR_READ_UNMAPPED)> (0x0000000787218668) 
thrown [src/hotspot/share/prims/jni.cpp, line 539]
Event: 6.576 Thread 0x000000014a00ea00 Exception <a 'unicorn/UnicornException'{0x0000000787219dc8}: Invalid memory read (UC_ERR_READ_UNMAPPED)> (0x0000000787219dc8) 
thrown [src/hotspot/share/prims/jni.cpp, line 539]
Event: 6.576 Thread 0x000000014a00ea00 Exception <a 'unicorn/UnicornException'{0x000000078721b528}: Invalid memory read (UC_ERR_READ_UNMAPPED)> (0x000000078721b528) 
thrown [src/hotspot/share/prims/jni.cpp, line 539]
Event: 6.576 Thread 0x000000014a00ea00 Exception <a 'unicorn/UnicornException'{0x000000078721cc88}: Invalid memory read (UC_ERR_READ_UNMAPPED)> (0x000000078721cc88) 
thrown [src/hotspot/share/prims/jni.cpp, line 539]
Event: 6.576 Thread 0x000000014a00ea00 Exception <a 'unicorn/UnicornException'{0x000000078721e3e8}: Invalid memory read (UC_ERR_READ_UNMAPPED)> (0x000000078721e3e8) 
thrown [src/hotspot/share/prims/jni.cpp, line 539]
Event: 6.576 Thread 0x000000014a00ea00 Exception <a 'unicorn/UnicornException'{0x000000078721fb48}: Invalid memory read (UC_ERR_READ_UNMAPPED)> (0x000000078721fb48) 
thrown [src/hotspot/share/prims/jni.cpp, line 539]
Event: 6.576 Thread 0x000000014a00ea00 Exception <a 'unicorn/UnicornException'{0x00000007872212a8}: Invalid memory read (UC_ERR_READ_UNMAPPED)> (0x00000007872212a8) 
thrown [src/hotspot/share/prims/jni.cpp, line 539]
Event: 6.576 Thread 0x000000014a00ea00 Exception <a 'unicorn/UnicornException'{0x0000000787222a08}: Invalid memory read (UC_ERR_READ_UNMAPPED)> (0x0000000787222a08) 
thrown [src/hotspot/share/prims/jni.cpp, line 539]

ZGC Phase Switch (0 events):
No events

VM Operations (20 events):
Event: 1.644 Executing safepoint VM operation: Cleanup
Event: 1.644 Executing safepoint VM operation: Cleanup done
Event: 2.188 Executing non-safepoint VM operation: HandshakeAllThreads (Deoptimize)
Event: 2.188 Executing non-safepoint VM operation: HandshakeAllThreads (Deoptimize) done
Event: 2.403 Executing non-safepoint VM operation: HandshakeAllThreads (Deoptimize)
Event: 2.403 Executing non-safepoint VM operation: HandshakeAllThreads (Deoptimize) done
Event: 2.631 Executing safepoint VM operation: ICBufferFull
Event: 2.631 Executing safepoint VM operation: ICBufferFull done
Event: 3.203 Executing safepoint VM operation: G1CollectForAllocation (G1 Evacuation Pause)
Event: 3.216 Executing safepoint VM operation: G1CollectForAllocation (G1 Evacuation Pause) done
Event: 3.231 Executing non-safepoint VM operation: HandshakeAllThreads (Deoptimize)
Event: 3.231 Executing non-safepoint VM operation: HandshakeAllThreads (Deoptimize) done
Event: 4.231 Executing safepoint VM operation: Cleanup
Event: 4.234 Executing safepoint VM operation: Cleanup done
Event: 5.239 Executing safepoint VM operation: Cleanup
Event: 5.239 Executing safepoint VM operation: Cleanup done
Event: 6.244 Executing safepoint VM operation: Cleanup
Event: 6.244 Executing safepoint VM operation: Cleanup done
Event: 6.538 Executing safepoint VM operation: G1CollectForAllocation (G1 Evacuation Pause)
Event: 6.558 Executing safepoint VM operation: G1CollectForAllocation (G1 Evacuation Pause) done

Memory protections (15 events):
Event: 0.021 Protecting memory [0x000000016bb6c000,0x000000016bb78000] with protection modes 0
Event: 0.376 Protecting memory [0x000000016cce4000,0x000000016ccf0000] with protection modes 0
Event: 0.377 Protecting memory [0x000000016cef0000,0x000000016cefc000] with protection modes 0
Event: 0.377 Protecting memory [0x000000016d0fc000,0x000000016d108000] with protection modes 0
Event: 0.377 Protecting memory [0x000000016d308000,0x000000016d314000] with protection modes 0
Event: 0.378 Protecting memory [0x000000016d514000,0x000000016d520000] with protection modes 0
Event: 0.378 Protecting memory [0x000000016d720000,0x000000016d72c000] with protection modes 0
Event: 0.378 Protecting memory [0x000000016d92c000,0x000000016d938000] with protection modes 0
Event: 0.385 Protecting memory [0x000000016db38000,0x000000016db44000] with protection modes 0
Event: 0.397 Protecting memory [0x000000016dd44000,0x000000016dd50000] with protection modes 0
Event: 6.578 Protecting memory [0x000000016bb6c000,0x000000016bb78000] with protection modes 3
Event: 6.578 Protecting memory [0x000000016bb6c000,0x000000016bb78000] with protection modes 0
Event: 6.578 Protecting memory [0x000000016e780000,0x000000016e78c000] with protection modes 0
Event: 6.579 Protecting memory [0x000000016e780000,0x000000016e78c000] with protection modes 3
Event: 6.580 Protecting memory [0x000000016bb6c000,0x000000016bb78000] with protection modes 3

Nmethod flushes (0 events):
No events

Events (16 events):
Event: 0.302 Thread 0x000000014a00ea00 Thread added: 0x000000014a00ea00
Event: 0.376 Thread 0x000000014a00ea00 Thread added: 0x0000000148018000
Event: 0.377 Thread 0x000000014a00ea00 Thread added: 0x000000014800c600
Event: 0.377 Thread 0x000000014a00ea00 Thread added: 0x000000014800e400
Event: 0.377 Thread 0x000000014a00ea00 Thread added: 0x000000012601da00
Event: 0.378 Thread 0x000000014a00ea00 Thread added: 0x0000000148018800
Event: 0.378 Thread 0x000000014a00ea00 Thread added: 0x000000014801c400
Event: 0.378 Thread 0x000000014a00ea00 Thread added: 0x000000014a009200
Event: 0.385 Thread 0x000000014a00ea00 Thread added: 0x000000014a009a00
Event: 0.397 Thread 0x000000014a00ea00 Thread added: 0x0000000149820e00
Event: 6.578 Thread 0x000000014a00ea00 Thread exited: 0x000000014a00ea00
Event: 6.578 Thread 0x000000014800dc00 Thread added: 0x000000014800dc00
Event: 6.578 Thread 0x000000014800dc00 Thread added: 0x00000001480e3400
Event: 6.579 Thread 0x00000001480e3400 Thread exited: 0x00000001480e3400
Event: 6.580 Thread 0x000000014800dc00 Before exit entered
Event: 6.580 Thread 0x000000014800dc00 Thread exited: 0x000000014800dc00


Dynamic libraries:
0x0000000104354000 	/opt/homebrew/Cellar/openjdk@21/21.0.12.1/libexec/openjdk.jdk/Contents/Home/lib/libjli.dylib
0x00000001ab31b000 	/usr/lib/libz.1.dylib
0x00000001ab3d1000 	/usr/lib/libSystem.B.dylib
0x00000001ab3cb000 	/usr/lib/system/libcache.dylib
0x00000001ab386000 	/usr/lib/system/libcommonCrypto.dylib
0x00000001ab3b1000 	/usr/lib/system/libcompiler_rt.dylib
0x00000001ab3a6000 	/usr/lib/system/libcopyfile.dylib
0x000000019ceef000 	/usr/lib/system/libcorecrypto.dylib
0x000000019cfd5000 	/usr/lib/system/libdispatch.dylib
0x000000019d195000 	/usr/lib/system/libdyld.dylib
0x00000001ab3c1000 	/usr/lib/system/libkeymgr.dylib
0x00000001ab369000 	/usr/lib/system/libmacho.dylib
0x00000001aa79c000 	/usr/lib/system/libquarantine.dylib
0x00000001ab3be000 	/usr/lib/system/libremovefile.dylib
0x00000001a3194000 	/usr/lib/system/libsystem_asl.dylib
0x000000019ce84000 	/usr/lib/system/libsystem_blocks.dylib
0x000000019d01f000 	/usr/lib/system/libsystem_c.dylib
0x00000001ab3b5000 	/usr/lib/system/libsystem_collections.dylib
0x00000001a9790000 	/usr/lib/system/libsystem_configuration.dylib
0x00000001a852b000 	/usr/lib/system/libsystem_containermanager.dylib
0x00000001aaeac000 	/usr/lib/system/libsystem_coreservices.dylib
0x00000001a0c96000 	/usr/lib/system/libsystem_darwin.dylib
0x000000028624d000 	/usr/lib/system/libsystem_darwindirectory.dylib
0x00000001ab3c2000 	/usr/lib/system/libsystem_dnssd.dylib
0x0000000286251000 	/usr/lib/system/libsystem_eligibility.dylib
0x000000019d01c000 	/usr/lib/system/libsystem_featureflags.dylib
0x000000019d1cd000 	/usr/lib/system/libsystem_info.dylib
0x00000001ab32a000 	/usr/lib/system/libsystem_m.dylib
0x000000019cf8e000 	/usr/lib/system/libsystem_malloc.dylib
0x00000001a30fd000 	/usr/lib/system/libsystem_networkextension.dylib
0x00000001a10f8000 	/usr/lib/system/libsystem_notify.dylib
0x00000001a9795000 	/usr/lib/system/libsystem_sandbox.dylib
0x0000000286259000 	/usr/lib/system/libsystem_sanitizers.dylib
0x00000001ab3ba000 	/usr/lib/system/libsystem_secinit.dylib
0x000000019d14c000 	/usr/lib/system/libsystem_kernel.dylib
0x000000019d1c5000 	/usr/lib/system/libsystem_platform.dylib
0x000000019d188000 	/usr/lib/system/libsystem_pthread.dylib
0x00000001a4cee000 	/usr/lib/system/libsystem_symptoms.dylib
0x000000019ced3000 	/usr/lib/system/libsystem_trace.dylib
0x00000001ab394000 	/usr/lib/system/libunwind.dylib
0x000000019ce88000 	/usr/lib/system/libxpc.dylib
0x000000019cd94000 	/usr/lib/libobjc.A.dylib
0x000000019d1fd000 	/System/Library/Frameworks/CoreFoundation.framework/Versions/A/CoreFoundation
0x00000001ae90e000 	/usr/lib/swift/libswiftCore.dylib
0x000000019d12e000 	/usr/lib/libc++abi.dylib
0x0000000284e25000 	/usr/lib/libRosetta.dylib
0x000000019d0a1000 	/usr/lib/libc++.1.dylib
0x000000019e7ed000 	/System/Library/Frameworks/Foundation.framework/Versions/C/Foundation
0x00000001b755c000 	/usr/lib/swift/libswiftObjectiveC.dylib
0x00000001a0f94000 	/System/Library/PrivateFrameworks/CoreServicesInternal.framework/Versions/A/CoreServicesInternal
0x00000001ab39e000 	/usr/lib/liboah.dylib
0x00000001ab3d3000 	/usr/lib/libfakelink.dylib
0x00000001a09ca000 	/usr/lib/libicucore.A.dylib
0x00000001ab3d6000 	/System/Library/PrivateFrameworks/SoftLinking.framework/Versions/A/SoftLinking
0x00000001b2df7000 	/System/Library/Frameworks/CoreServices.framework/Versions/A/CoreServices
0x00000001a05bf000 	/System/Library/Frameworks/Security.framework/Versions/A/Security
0x00000001a1015000 	/System/Library/Frameworks/IOKit.framework/Versions/A/IOKit
0x00000001b6a69000 	/System/Library/PrivateFrameworks/DiskImages.framework/Versions/A/DiskImages
0x00000001c34f3000 	/System/Library/Frameworks/NetFS.framework/Versions/A/NetFS
0x00000001a2d32000 	/System/Library/Frameworks/CFNetwork.framework/Versions/A/CFNetwork
0x00000001a69b0000 	/System/Library/Frameworks/CoreServices.framework/Versions/A/Frameworks/FSEvents.framework/Versions/A/FSEvents
0x00000001a0ca1000 	/System/Library/Frameworks/CoreServices.framework/Versions/A/Frameworks/CarbonCore.framework/Versions/A/CarbonCore
0x00000001a5e25000 	/System/Library/Frameworks/CoreServices.framework/Versions/A/Frameworks/Metadata.framework/Versions/A/Metadata
0x00000001aaeb3000 	/System/Library/Frameworks/CoreServices.framework/Versions/A/Frameworks/OSServices.framework/Versions/A/OSServices
0x00000001ab520000 	/System/Library/Frameworks/CoreServices.framework/Versions/A/Frameworks/SearchKit.framework/Versions/A/SearchKit
0x00000001a4c69000 	/System/Library/Frameworks/CoreServices.framework/Versions/A/Frameworks/AE.framework/Versions/A/AE
0x000000019d73c000 	/System/Library/Frameworks/CoreServices.framework/Versions/A/Frameworks/LaunchServices.framework/Versions/A/LaunchServices
0x00000001ac936000 	/System/Library/Frameworks/CoreServices.framework/Versions/A/Frameworks/DictionaryServices.framework/Versions/A/DictionaryServices
0x00000001a69be000 	/System/Library/Frameworks/CoreServices.framework/Versions/A/Frameworks/SharedFileList.framework/Versions/A/SharedFileList
0x000000019e451000 	/System/Library/Frameworks/SystemConfiguration.framework/Versions/A/SystemConfiguration
0x00000001ab5b5000 	/usr/lib/libapple_nghttp2.dylib
0x00000001ab5fe000 	/usr/lib/libcompression.dylib
0x00000001a48ca000 	/usr/lib/libsqlite3.dylib
0x00000001a5d91000 	/System/Library/PrivateFrameworks/CoreAnalytics.framework/Versions/A/CoreAnalytics
0x00000001a36f5000 	/System/Library/Frameworks/CoreGraphics.framework/Versions/A/CoreGraphics
0x00000001af5f1000 	/System/Library/Frameworks/GSS.framework/Versions/A/GSS
0x00000001adb9b000 	/System/Library/PrivateFrameworks/InternationalSupport.framework/Versions/A/InternationalSupport
0x00000001a4c00000 	/System/Library/PrivateFrameworks/RunningBoardServices.framework/Versions/A/RunningBoardServices
0x00000001a3118000 	/usr/lib/libenergytrace.dylib
0x00000001a4cf7000 	/System/Library/Frameworks/Network.framework/Versions/A/Network
0x00000001a5dc2000 	/usr/lib/libDiagnosticMessagesClient.dylib
0x00000001aa7c3000 	/usr/lib/libbsm.0.dylib
0x00000001ab36d000 	/usr/lib/system/libkxld.dylib
0x00000002472c1000 	/System/Library/PrivateFrameworks/AppleKeyStore.framework/Versions/A/AppleKeyStore
0x0000000284c7d000 	/usr/lib/libCoreEntitlements.dylib
0x00000002626fd000 	/System/Library/PrivateFrameworks/MessageSecurity.framework/Versions/A/MessageSecurity
0x00000001a48af000 	/System/Library/PrivateFrameworks/ProtocolBuffer.framework/Versions/A/ProtocolBuffer
0x00000001a311a000 	/usr/lib/libMobileGestalt.dylib
0x00000001aae93000 	/System/Library/PrivateFrameworks/AppleFSCompression.framework/Versions/A/AppleFSCompression
0x00000001aa7ab000 	/usr/lib/libcoretls.dylib
0x00000001ac9ac000 	/usr/lib/libcoretls_cfhelpers.dylib
0x00000001ab5f8000 	/usr/lib/libpam.2.dylib
0x00000001aca20000 	/usr/lib/libxar.1.dylib
0x00000001a69ec000 	/System/Library/PrivateFrameworks/CoreAutoLayout.framework/Versions/A/CoreAutoLayout
0x00000001a5eb0000 	/System/Library/Frameworks/DiskArbitration.framework/Versions/A/DiskArbitration
0x00000001ab428000 	/usr/lib/libarchive.2.dylib
0x00000001a6a36000 	/usr/lib/libxml2.2.dylib
0x00000001a97a3000 	/usr/lib/liblangid.dylib
0x00000001b0cf3000 	/System/Library/Frameworks/Combine.framework/Versions/A/Combine
0x000000024b72b000 	/System/Library/PrivateFrameworks/CollectionsInternal.framework/Versions/A/CollectionsInternal
0x000000026b724000 	/System/Library/PrivateFrameworks/ReflectionInternal.framework/Versions/A/ReflectionInternal
0x000000026c3f6000 	/System/Library/PrivateFrameworks/RuntimeInternal.framework/Versions/A/RuntimeInternal
0x00000001c65b6000 	/usr/lib/swift/libswiftCoreFoundation.dylib
0x00000001c39ca000 	/usr/lib/swift/libswiftDarwin.dylib
0x00000001b48ef000 	/usr/lib/swift/libswiftDispatch.dylib
0x00000001c6611000 	/usr/lib/swift/libswiftIOKit.dylib
0x0000000285ea9000 	/usr/lib/swift/libswiftSystem.dylib
0x00000001c65c8000 	/usr/lib/swift/libswiftXPC.dylib
0x0000000285f18000 	/usr/lib/swift/libswift_Builtin_float.dylib
0x0000000285f1b000 	/usr/lib/swift/libswift_Concurrency.dylib
0x000000028607a000 	/usr/lib/swift/libswift_StringProcessing.dylib
0x000000028610d000 	/usr/lib/swift/libswift_errno.dylib
0x000000028610f000 	/usr/lib/swift/libswift_math.dylib
0x0000000286112000 	/usr/lib/swift/libswift_signal.dylib
0x0000000286113000 	/usr/lib/swift/libswift_stdio.dylib
0x0000000286114000 	/usr/lib/swift/libswift_time.dylib
0x00000001b7560000 	/usr/lib/swift/libswiftos.dylib
0x0000000286115000 	/usr/lib/swift/libswiftsys_time.dylib
0x0000000286116000 	/usr/lib/swift/libswiftunistd.dylib
0x00000001a979e000 	/System/Library/PrivateFrameworks/AppleSystemInfo.framework/Versions/A/AppleSystemInfo
0x00000001c64a1000 	/System/Library/PrivateFrameworks/LoggingSupport.framework/Versions/A/LoggingSupport
0x00000001b3db0000 	/System/Library/PrivateFrameworks/PowerLog.framework/Versions/A/PowerLog
0x0000000203fb2000 	/System/Library/Frameworks/SwiftData.framework/Versions/A/SwiftData
0x00000001a27a9000 	/System/Library/Frameworks/UniformTypeIdentifiers.framework/Versions/A/UniformTypeIdentifiers
0x00000001a6bc1000 	/System/Library/PrivateFrameworks/UserManagement.framework/Versions/A/UserManagement
0x00000001a2c60000 	/usr/lib/libboringssl.dylib
0x00000001a4cdd000 	/usr/lib/libdns_services.dylib
0x00000001c5655000 	/usr/lib/libquic.dylib
0x00000001ae89d000 	/usr/lib/libusrtcp.dylib
0x00000001e9fa7000 	/System/Library/PrivateFrameworks/InternalSwiftProtobuf.framework/Versions/A/InternalSwiftProtobuf
0x0000000285e06000 	/usr/lib/swift/libswiftDistributed.dylib
0x0000000285e32000 	/usr/lib/swift/libswiftObservation.dylib
0x0000000285e9f000 	/usr/lib/swift/libswiftSynchronization.dylib
0x00000001a2d31000 	/usr/lib/libnetwork.dylib
0x00000001d71cd000 	/System/Library/PrivateFrameworks/OSAnalytics.framework/Versions/A/OSAnalytics
0x00000001ab590000 	/System/Library/PrivateFrameworks/AppleSauce.framework/Versions/A/AppleSauce
0x00000001b5085000 	/System/Library/PrivateFrameworks/CoreSymbolication.framework/Versions/A/CoreSymbolication
0x00000001e5c73000 	/System/Library/PrivateFrameworks/Symbolication.framework/Versions/A/Symbolication
0x00000001b5061000 	/System/Library/PrivateFrameworks/DebugSymbols.framework/Versions/A/DebugSymbols
0x0000000284b48000 	/usr/lib/libAppleArchive.dylib
0x00000001aae9f000 	/usr/lib/libbz2.1.0.dylib
0x00000001ac98d000 	/usr/lib/liblzma.5.dylib
0x00000001aa49b000 	/System/Library/PrivateFrameworks/IOMobileFramebuffer.framework/Versions/A/IOMobileFramebuffer
0x00000001a855c000 	/System/Library/Frameworks/IOSurface.framework/Versions/A/IOSurface
0x00000001c652a000 	/System/Library/PrivateFrameworks/MallocStackLogging.framework/Versions/A/MallocStackLogging
0x00000001acb7b000 	/System/Library/PrivateFrameworks/CrashReporterSupport.framework/Versions/A/CrashReporterSupport
0x000000019e248000 	/System/Library/PrivateFrameworks/Lexicon.framework/Versions/A/Lexicon
0x000000025aa4d000 	/System/Library/PrivateFrameworks/IO80211.framework/Versions/A/IO80211
0x00000001b4b87000 	/System/Library/PrivateFrameworks/FrontBoardServices.framework/Versions/A/FrontBoardServices
0x00000001aa6d3000 	/System/Library/Frameworks/SecurityFoundation.framework/Versions/A/SecurityFoundation
0x00000001aa835000 	/usr/lib/libgermantok.dylib
0x00000001a98c2000 	/System/Library/PrivateFrameworks/LinguisticData.framework/Versions/A/LinguisticData
0x00000001a4b1b000 	/System/Library/PrivateFrameworks/BaseBoard.framework/Versions/A/BaseBoard
0x00000001b4c54000 	/System/Library/PrivateFrameworks/BoardServices.framework/Versions/A/BoardServices
0x00000001aa6c4000 	/System/Library/PrivateFrameworks/AssertionServices.framework/Versions/A/AssertionServices
0x00000001b68a4000 	/System/Library/PrivateFrameworks/BackBoardServices.framework/Versions/A/BackBoardServices
0x00000001a8fa6000 	/System/Library/Frameworks/ImageIO.framework/Versions/A/ImageIO
0x00000001a31cf000 	/System/Library/PrivateFrameworks/SkyLight.framework/Versions/A/SkyLight
0x00000001a8976000 	/System/Library/PrivateFrameworks/FontServices.framework/libFontParser.dylib
0x00000001b30a3000 	/System/Library/Frameworks/Accelerate.framework/Versions/A/Accelerate
0x00000001a31ac000 	/System/Library/PrivateFrameworks/TCC.framework/Versions/A/TCC
0x00000001ba43f000 	/System/Library/PrivateFrameworks/IOSurfaceAccelerator.framework/Versions/A/IOSurfaceAccelerator
0x00000001ad466000 	/System/Library/PrivateFrameworks/WatchdogClient.framework/Versions/A/WatchdogClient
0x000000019f792000 	/System/Library/Frameworks/CoreDisplay.framework/Versions/A/CoreDisplay
0x00000001a881a000 	/System/Library/Frameworks/CoreMedia.framework/Versions/A/CoreMedia
0x00000001a8575000 	/System/Library/PrivateFrameworks/IOAccelerator.framework/Versions/A/IOAccelerator
0x00000001a857f000 	/System/Library/Frameworks/Metal.framework/Versions/A/Metal
0x00000001a6b20000 	/System/Library/Frameworks/CoreVideo.framework/Versions/A/CoreVideo
0x00000001ab5f6000 	/System/Library/Frameworks/MetalPerformanceShaders.framework/Versions/A/MetalPerformanceShaders
0x00000001ad468000 	/System/Library/PrivateFrameworks/MultitouchSupport.framework/Versions/A/MultitouchSupport
0x00000001a62c9000 	/System/Library/Frameworks/QuartzCore.framework/Versions/A/QuartzCore
0x000000026aa75000 	/System/Library/PrivateFrameworks/ProDisplayLibrary.framework/Versions/A/ProDisplayLibrary
0x00000001ad4ae000 	/System/Library/Frameworks/VideoToolbox.framework/Versions/A/VideoToolbox
0x00000001d3167000 	/usr/lib/swift/libswiftMetal.dylib
0x00000001e213d000 	/usr/lib/swift/libswiftOSLog.dylib
0x00000001d858e000 	/usr/lib/swift/libswiftQuartzCore.dylib
0x00000001dcbd1000 	/usr/lib/swift/libswiftUniformTypeIdentifiers.dylib
0x00000001c9e64000 	/usr/lib/swift/libswiftsimd.dylib
0x00000001aa6a7000 	/System/Library/PrivateFrameworks/MobileKeyBag.framework/Versions/A/MobileKeyBag
0x00000001a979c000 	/System/Library/PrivateFrameworks/AggregateDictionary.framework/Versions/A/AggregateDictionary
0x00000001ac9ae000 	/System/Library/PrivateFrameworks/APFS.framework/Versions/A/APFS
0x00000001aca2f000 	/usr/lib/libutil.dylib
0x0000000275934000 	/System/Library/PrivateFrameworks/SwiftASN1Internal.framework/Versions/A/SwiftASN1Internal
0x00000001a5eb9000 	/System/Library/Frameworks/Accelerate.framework/Versions/A/Frameworks/vImage.framework/Versions/A/vImage
0x00000001b2dd2000 	/System/Library/Frameworks/Accelerate.framework/Versions/A/Frameworks/vecLib.framework/Versions/A/vecLib
0x00000001aca67000 	/System/Library/Frameworks/Accelerate.framework/Versions/A/Frameworks/vecLib.framework/Versions/A/libvMisc.dylib
0x000000019dbb4000 	/System/Library/Frameworks/Accelerate.framework/Versions/A/Frameworks/vecLib.framework/Versions/A/libBLAS.dylib
0x00000001b6fb6000 	/System/Library/Frameworks/ApplicationServices.framework/Versions/A/ApplicationServices
0x00000001a3e25000 	/System/Library/Frameworks/ColorSync.framework/Versions/A/ColorSync
0x000000019fc6b000 	/System/Library/Frameworks/CoreText.framework/Versions/A/CoreText
0x00000001af1c8000 	/System/Library/Frameworks/ApplicationServices.framework/Versions/A/Frameworks/ATS.framework/Versions/A/ATS
0x00000001a3fdb000 	/System/Library/Frameworks/ApplicationServices.framework/Versions/A/Frameworks/HIServices.framework/Versions/A/HIServices
0x00000001ada84000 	/System/Library/Frameworks/ApplicationServices.framework/Versions/A/Frameworks/PrintCore.framework/Versions/A/PrintCore
0x00000001af5bb000 	/System/Library/Frameworks/ApplicationServices.framework/Versions/A/Frameworks/QD.framework/Versions/A/QD
0x00000001af5b2000 	/System/Library/Frameworks/ApplicationServices.framework/Versions/A/Frameworks/ColorSyncLegacy.framework/Versions/A/ColorSyncLegacy
0x00000001af19a000 	/System/Library/Frameworks/ApplicationServices.framework/Versions/A/Frameworks/SpeechSynthesis.framework/Versions/A/SpeechSynthesis
0x00000001aa468000 	/System/Library/PrivateFrameworks/CoreEmoji.framework/Versions/A/CoreEmoji
0x0000000251b26000 	/System/Library/PrivateFrameworks/FontServices.framework/Versions/A/FontServices
0x00000001acfb4000 	/System/Library/PrivateFrameworks/OTSVG.framework/Versions/A/OTSVG
0x00000001a669d000 	/System/Library/Frameworks/ApplicationServices.framework/Versions/A/Frameworks/ATS.framework/Versions/A/Resources/libFontRegistry.dylib
0x0000000285209000 	/usr/lib/libhvf.dylib
0x0000000266983000 	/System/Library/PrivateFrameworks/ParsingInternal.framework/Versions/A/ParsingInternal
0x0000000285e4f000 	/usr/lib/swift/libswiftRegexBuilder.dylib
0x0000000285fd7000 	/usr/lib/swift/libswift_RegexParser.dylib
0x00000001ad32f000 	/System/Library/PrivateFrameworks/AppleJPEG.framework/Versions/A/AppleJPEG
0x00000001acdd0000 	/usr/lib/libexpat.1.dylib
0x00000001ad95a000 	/System/Library/Frameworks/ImageIO.framework/Versions/A/Resources/libPng.dylib
0x00000001ad985000 	/System/Library/Frameworks/ImageIO.framework/Versions/A/Resources/libTIFF.dylib
0x00000001ada6f000 	/System/Library/Frameworks/ImageIO.framework/Versions/A/Resources/libGIF.dylib
0x00000001ad375000 	/System/Library/Frameworks/ImageIO.framework/Versions/A/Resources/libJP2.dylib
0x00000001acae1000 	/usr/lib/libate.dylib
0x00000001ada16000 	/System/Library/Frameworks/ImageIO.framework/Versions/A/Resources/libJPEG.dylib
0x00000001ada0d000 	/System/Library/Frameworks/ImageIO.framework/Versions/A/Resources/libRadiance.dylib
0x00000002567f4000 	/System/Library/PrivateFrameworks/GPUCompiler.framework/Versions/32023/Libraries/libllvm-flatbuffers.dylib
0x0000000251bf1000 	/System/Library/PrivateFrameworks/FramePacing.framework/Versions/A/FramePacing
0x00000001fdaaf000 	/System/Library/Frameworks/OpenGL.framework/Versions/A/Libraries/libCoreFSCache.dylib
0x0000000252766000 	/System/Library/PrivateFrameworks/GPUCompiler.framework/Versions/32023/Libraries/libGPUCompilerUtils.dylib
0x0000000251b27000 	/System/Library/PrivateFrameworks/FontServices.framework/libXTFontStaticRegistryData.dylib
0x00000001a9325000 	/System/Library/Frameworks/CoreImage.framework/Versions/A/CoreImage
0x00000001b86a5000 	/System/Library/PrivateFrameworks/ASEProcessing.framework/Versions/A/ASEProcessing
0x0000000269be4000 	/System/Library/PrivateFrameworks/PhotosensitivityProcessing.framework/Versions/A/PhotosensitivityProcessing
0x00000001fdabd000 	/System/Library/Frameworks/OpenGL.framework/Versions/A/OpenGL
0x00000001acfa8000 	/System/Library/PrivateFrameworks/GraphVisualizer.framework/Versions/A/GraphVisualizer
0x00000001fdb0d000 	/System/Library/Frameworks/OpenGL.framework/Versions/A/Libraries/libGLU.dylib
0x00000001fdad1000 	/System/Library/Frameworks/OpenGL.framework/Versions/A/Libraries/libGFXShared.dylib
0x00000001fdc99000 	/System/Library/Frameworks/OpenGL.framework/Versions/A/Libraries/libGL.dylib
0x00000001fdada000 	/System/Library/Frameworks/OpenGL.framework/Versions/A/Libraries/libGLImage.dylib
0x00000001fdace000 	/System/Library/Frameworks/OpenGL.framework/Versions/A/Libraries/libCVMSPluginSupport.dylib
0x00000001fdab7000 	/System/Library/Frameworks/OpenGL.framework/Versions/A/Libraries/libCoreVMClient.dylib
0x00000001a96e0000 	/System/Library/Frameworks/MetalPerformanceShaders.framework/Versions/A/Frameworks/MPSCore.framework/Versions/A/MPSCore
0x00000001aadfe000 	/System/Library/Frameworks/MetalPerformanceShaders.framework/Versions/A/Frameworks/MPSImage.framework/Versions/A/MPSImage
0x00000001aa84d000 	/System/Library/Frameworks/MetalPerformanceShaders.framework/Versions/A/Frameworks/MPSNeuralNetwork.framework/Versions/A/MPSNeuralNetwork
0x00000001aac84000 	/System/Library/Frameworks/MetalPerformanceShaders.framework/Versions/A/Frameworks/MPSMatrix.framework/Versions/A/MPSMatrix
0x00000001aaa99000 	/System/Library/Frameworks/MetalPerformanceShaders.framework/Versions/A/Frameworks/MPSRayIntersector.framework/Versions/A/MPSRayIntersector
0x00000001aacb6000 	/System/Library/Frameworks/MetalPerformanceShaders.framework/Versions/A/Frameworks/MPSNDArray.framework/Versions/A/MPSNDArray
0x00000002013a4000 	/System/Library/Frameworks/MetalPerformanceShaders.framework/Versions/A/Frameworks/MPSFunctions.framework/Versions/A/MPSFunctions
0x0000000201386000 	/System/Library/Frameworks/MetalPerformanceShaders.framework/Versions/A/Frameworks/MPSBenchmarkLoop.framework/Versions/A/MPSBenchmarkLoop
0x000000019da2f000 	/System/Library/PrivateFrameworks/MetalTools.framework/Versions/A/MetalTools
0x00000001cb20a000 	/System/Library/PrivateFrameworks/IOAccelMemoryInfo.framework/Versions/A/IOAccelMemoryInfo
0x00000001d8983000 	/System/Library/PrivateFrameworks/kperf.framework/Versions/A/kperf
0x00000001c6591000 	/System/Library/PrivateFrameworks/GPURawCounter.framework/Versions/A/GPURawCounter
0x00000001ada41000 	/System/Library/Frameworks/ApplicationServices.framework/Versions/A/Frameworks/ATSUI.framework/Versions/A/ATSUI
0x00000001af546000 	/usr/lib/libcups.2.dylib
0x00000001af5e0000 	/System/Library/Frameworks/Kerberos.framework/Versions/A/Kerberos
0x00000001af246000 	/usr/lib/libresolv.9.dylib
0x00000001ab40d000 	/usr/lib/libiconv.2.dylib
0x00000001ad006000 	/System/Library/PrivateFrameworks/Heimdal.framework/Versions/A/Heimdal
0x00000001b74b3000 	/System/Library/Frameworks/Kerberos.framework/Versions/A/Libraries/libHeimdalProxy.dylib
0x00000001acdeb000 	/usr/lib/libheimdal-asn1.dylib
0x00000001a6983000 	/System/Library/Frameworks/OpenDirectory.framework/Versions/A/OpenDirectory
0x00000001af643000 	/System/Library/PrivateFrameworks/CommonAuth.framework/Versions/A/CommonAuth
0x00000001a6991000 	/System/Library/Frameworks/OpenDirectory.framework/Versions/A/Frameworks/CFOpenDirectory.framework/Versions/A/CFOpenDirectory
0x00000001ab368000 	/usr/lib/libcharset.1.dylib
0x00000001fe035000 	/System/Library/Frameworks/AVFAudio.framework/Versions/A/AVFAudio
0x00000001bfc79000 	/System/Library/PrivateFrameworks/AXCoreUtilities.framework/Versions/A/AXCoreUtilities
0x00000001aef79000 	/System/Library/Frameworks/AudioToolbox.framework/Versions/A/AudioToolbox
0x000000019fe8a000 	/System/Library/Frameworks/CoreAudio.framework/Versions/A/CoreAudio
0x000000025e37c000 	/System/Library/PrivateFrameworks/IsolatedCoreAudioClient.framework/Versions/A/IsolatedCoreAudioClient
0x00000001af181000 	/usr/lib/libAudioStatistics.dylib
0x00000001a87f2000 	/System/Library/PrivateFrameworks/caulk.framework/Versions/A/caulk
0x000000019f8b3000 	/System/Library/PrivateFrameworks/AudioToolboxCore.framework/Versions/A/AudioToolboxCore
0x00000001b97cb000 	/System/Library/Frameworks/CoreMIDI.framework/Versions/A/CoreMIDI
0x00000001af124000 	/System/Library/PrivateFrameworks/AudioSession.framework/Versions/A/AudioSession
0x00000001b0a5b000 	/System/Library/Frameworks/IOBluetooth.framework/Versions/A/IOBluetooth
0x00000001aced5000 	/System/Library/PrivateFrameworks/MediaExperience.framework/Versions/A/MediaExperience
0x00000002783ef000 	/System/Library/PrivateFrameworks/Tightbeam.framework/Versions/A/Tightbeam
0x000000024c1e8000 	/System/Library/PrivateFrameworks/CoreAudioOrchestration.framework/Versions/A/CoreAudioOrchestration
0x00000001dd2a3000 	/System/Library/PrivateFrameworks/AFKUser.framework/Versions/A/AFKUser
0x00000001f12cc000 	/System/Library/PrivateFrameworks/FeatureFlags.framework/Versions/A/FeatureFlags
0x00000001c6595000 	/usr/lib/swift/libswiftCoreAudio.dylib
0x00000001acff5000 	/System/Library/PrivateFrameworks/AppServerSupport.framework/Versions/A/AppServerSupport
0x00000001af5c4000 	/System/Library/PrivateFrameworks/perfdata.framework/Versions/A/perfdata
0x00000001c574e000 	/System/Library/PrivateFrameworks/SystemPolicy.framework/Versions/A/SystemPolicy
0x00000001af465000 	/usr/lib/libSMC.dylib
0x00000001ad924000 	/usr/lib/libAudioToolboxUtility.dylib
0x00000001af5d2000 	/usr/lib/libperfcheck.dylib
0x000000024807e000 	/System/Library/PrivateFrameworks/AudioAnalytics.framework/Versions/A/AudioAnalytics
0x00000001e9d6e000 	/System/Library/Frameworks/OSLog.framework/Versions/A/OSLog
0x00000001c655c000 	/usr/lib/libmis.dylib
0x00000001aef32000 	/System/Library/PrivateFrameworks/AudioSession.framework/libSessionUtility.dylib
0x00000001ada75000 	/System/Library/PrivateFrameworks/CMCaptureCore.framework/Versions/A/CMCaptureCore
0x00000001acfff000 	/usr/lib/libspindump.dylib
0x00000001ff6d6000 	/System/Library/Frameworks/ExtensionFoundation.framework/Versions/A/ExtensionFoundation
0x00000001b5192000 	/System/Library/PrivateFrameworks/CoreTime.framework/Versions/A/CoreTime
0x00000001acccf000 	/System/Library/PrivateFrameworks/PlugInKit.framework/Versions/A/PlugInKit
0x00000001b3cb9000 	/System/Library/Frameworks/CoreBluetooth.framework/Versions/A/CoreBluetooth
0x00000001b74b4000 	/System/Library/Frameworks/AudioUnit.framework/Versions/A/AudioUnit
0x00000001aa52c000 	/System/Library/PrivateFrameworks/CoreUtils.framework/Versions/A/CoreUtils
0x000000024f18c000 	/System/Library/PrivateFrameworks/CoreUtilsExtras.framework/Versions/A/CoreUtilsExtras
0x00000001b30f3000 	/System/Library/Frameworks/MediaAccessibility.framework/Versions/A/MediaAccessibility
0x00000001ceba6000 	/System/Library/PrivateFrameworks/AttributeGraph.framework/Versions/A/AttributeGraph
0x0000000284ac6000 	/usr/lib/libAXSafeCategoryBundle.dylib
0x00000001bfd35000 	/usr/lib/libAccessibility.dylib
0x00000001aa376000 	/System/Library/Frameworks/Accelerate.framework/Versions/A/Frameworks/vecLib.framework/Versions/A/libvDSP.dylib
0x00000001ab6d4000 	/System/Library/Frameworks/Accelerate.framework/Versions/A/Frameworks/vecLib.framework/Versions/A/libLAPACK.dylib
0x00000001aa838000 	/System/Library/Frameworks/Accelerate.framework/Versions/A/Frameworks/vecLib.framework/Versions/A/libLinearAlgebra.dylib
0x00000001ab5cf000 	/System/Library/Frameworks/Accelerate.framework/Versions/A/Frameworks/vecLib.framework/Versions/A/libSparseBLAS.dylib
0x00000001ab6cf000 	/System/Library/Frameworks/Accelerate.framework/Versions/A/Frameworks/vecLib.framework/Versions/A/libQuadrature.dylib
0x00000001a98c9000 	/System/Library/Frameworks/Accelerate.framework/Versions/A/Frameworks/vecLib.framework/Versions/A/libBNNS.dylib
0x000000019e355000 	/System/Library/Frameworks/Accelerate.framework/Versions/A/Frameworks/vecLib.framework/Versions/A/libSparse.dylib
0x000000025faed000 	/System/Library/PrivateFrameworks/MIL.framework/Versions/A/MIL
0x00000001ada08000 	/System/Library/PrivateFrameworks/GPUWrangler.framework/Versions/A/GPUWrangler
0x00000001ad9e8000 	/System/Library/PrivateFrameworks/IOPresentment.framework/Versions/A/IOPresentment
0x00000001ada10000 	/System/Library/PrivateFrameworks/DSExternalDisplay.framework/Versions/A/DSExternalDisplay
0x00000001ea175000 	/System/Library/PrivateFrameworks/HIDDisplay.framework/Versions/A/HIDDisplay
0x00000001bef54000 	/System/Library/PrivateFrameworks/HID.framework/Versions/A/HID
0x000000027bc2b000 	/System/Library/PrivateFrameworks/VideoToolboxParavirtualizationSupport.framework/Versions/A/VideoToolboxParavirtualizationSupport
0x00000001acd87000 	/System/Library/PrivateFrameworks/AppleVA.framework/Versions/A/AppleVA
0x00000001b4d01000 	/System/Library/PrivateFrameworks/GraphicsServices.framework/Versions/A/GraphicsServices
0x00000001a4454000 	/System/Library/Frameworks/CoreData.framework/Versions/A/CoreData
0x00000001af7b6000 	/System/Library/PrivateFrameworks/CorePhoneNumbers.framework/Versions/A/CorePhoneNumbers
0x00000001b3ea1000 	/System/Library/PrivateFrameworks/MediaKit.framework/Versions/A/MediaKit
0x00000001b3dec000 	/System/Library/Frameworks/DiscRecording.framework/Versions/A/DiscRecording
0x00000001ff002000 	/System/Library/Frameworks/CoreTransferable.framework/Versions/A/CoreTransferable
0x00000001af5a5000 	/System/Library/PrivateFrameworks/NetAuth.framework/Versions/A/NetAuth
0x00000001ace42000 	/System/Library/PrivateFrameworks/IconServices.framework/Versions/A/IconServices
0x00000001a6b81000 	/System/Library/PrivateFrameworks/login.framework/Versions/A/Frameworks/loginsupport.framework/Versions/A/loginsupport
0x00000001c6610000 	/usr/lib/swift/libswiftCoreImage.dylib
0x00000001acdf5000 	/System/Library/PrivateFrameworks/IconFoundation.framework/Versions/A/IconFoundation
0x00000001a66ef000 	/System/Library/PrivateFrameworks/CoreUI.framework/Versions/A/CoreUI
0x00000001adafb000 	/System/Library/PrivateFrameworks/TextureIO.framework/Versions/A/TextureIO
0x00000001a8f6b000 	/System/Library/PrivateFrameworks/CoreSVG.framework/Versions/A/CoreSVG
0x00000001dcbe0000 	/usr/lib/swift/libswiftAccelerate.dylib
0x00000001acb72000 	/usr/lib/libIOReport.dylib
0x0000000247c8e000 	/System/Library/PrivateFrameworks/AppleMobileFileIntegrity.framework/Versions/A/AppleMobileFileIntegrity
0x0000000284e88000 	/usr/lib/libTLE.dylib
0x00000001fab0b000 	/System/Library/PrivateFrameworks/ConfigProfileHelper.framework/Versions/A/ConfigProfileHelper
0x00000001aa7d5000 	/usr/lib/libmecab.dylib
0x000000019e4e5000 	/usr/lib/libCRFSuite.dylib
0x00000001a97a5000 	/System/Library/PrivateFrameworks/CoreNLP.framework/Versions/A/CoreNLP
0x00000001ab588000 	/usr/lib/libThaiTokenizer.dylib
0x00000001adea3000 	/System/Library/PrivateFrameworks/DataDetectorsCore.framework/Versions/A/DataDetectorsCore
0x00000001c9f0d000 	/System/Library/PrivateFrameworks/TextInput.framework/Versions/A/TextInput
0x00000001a25f7000 	/System/Library/PrivateFrameworks/UIFoundation.framework/Versions/A/UIFoundation
0x00000001aa79f000 	/usr/lib/libCheckFix.dylib
0x00000001a5dc4000 	/System/Library/PrivateFrameworks/MetadataUtilities.framework/Versions/A/MetadataUtilities
0x000000025b32f000 	/System/Library/PrivateFrameworks/InstalledContentLibrary.framework/Versions/A/InstalledContentLibrary
0x00000001a0fd4000 	/System/Library/PrivateFrameworks/CoreServicesStore.framework/Versions/A/CoreServicesStore
0x00000001a69e8000 	/usr/lib/libapp_launch_measurement.dylib
0x00000001d8a8d000 	/System/Library/PrivateFrameworks/MobileSystemServices.framework/Versions/A/MobileSystemServices
0x00000001aca33000 	/usr/lib/libxslt.1.dylib
0x00000001aa762000 	/System/Library/PrivateFrameworks/BackgroundTaskManagement.framework/Versions/A/BackgroundTaskManagement
0x00000001b6c27000 	/usr/lib/libcurl.4.dylib
0x00000002850bc000 	/usr/lib/libcrypto.46.dylib
0x0000000285be4000 	/usr/lib/libssl.48.dylib
0x00000001b6900000 	/System/Library/Frameworks/LDAP.framework/Versions/A/LDAP
0x00000001b693c000 	/System/Library/PrivateFrameworks/TrustEvaluationAgent.framework/Versions/A/TrustEvaluationAgent
0x00000001af263000 	/usr/lib/libsasl2.2.dylib
0x00000001b999e000 	/System/Library/Frameworks/Cocoa.framework/Versions/A/Cocoa
0x00000001a1165000 	/System/Library/Frameworks/AppKit.framework/Versions/C/AppKit
0x000000024b707000 	/System/Library/PrivateFrameworks/CollectionViewCore.framework/Versions/A/CollectionViewCore
0x00000001b29c4000 	/System/Library/PrivateFrameworks/RemoteViewServices.framework/Versions/A/RemoteViewServices
0x00000001a8f65000 	/System/Library/PrivateFrameworks/XCTTargetBootstrap.framework/Versions/A/XCTTargetBootstrap
0x00000001adef2000 	/System/Library/PrivateFrameworks/UserActivity.framework/Versions/A/UserActivity
0x000000027a177000 	/System/Library/PrivateFrameworks/UIIntelligenceSupport.framework/Versions/A/UIIntelligenceSupport
0x00000002040ed000 	/System/Library/Frameworks/SwiftUICore.framework/Versions/A/SwiftUICore
0x000000027f1f0000 	/System/Library/PrivateFrameworks/WritingTools.framework/Versions/A/WritingTools
0x000000027e238000 	/System/Library/PrivateFrameworks/WindowManagement.framework/Versions/A/WindowManagement
0x00000001a8f50000 	/System/Library/PrivateFrameworks/DFRFoundation.framework/Versions/A/DFRFoundation
0x00000001a8c49000 	/System/Library/Frameworks/Carbon.framework/Versions/A/Frameworks/HIToolbox.framework/Versions/A/HIToolbox
0x00000001b2a00000 	/System/Library/Frameworks/Carbon.framework/Versions/A/Frameworks/SpeechRecognition.framework/Versions/A/SpeechRecognition
0x00000001be2b3000 	/System/Library/PrivateFrameworks/RenderBox.framework/Versions/A/RenderBox
0x00000001a6979000 	/System/Library/PrivateFrameworks/PerformanceAnalysis.framework/Versions/A/PerformanceAnalysis
0x00000001b2d78000 	/System/Library/Frameworks/Accessibility.framework/Versions/A/Accessibility
0x00000001ff586000 	/System/Library/Frameworks/DataDetection.framework/Versions/A/DataDetection
0x00000001ff589000 	/System/Library/Frameworks/DeveloperToolsSupport.framework/Versions/A/DeveloperToolsSupport
0x0000000204cb0000 	/System/Library/Frameworks/Symbols.framework/Versions/A/Symbols
0x0000000285e05000 	/usr/lib/swift/libswiftDataDetection.dylib
0x00000001c39c9000 	/usr/lib/swift/libswiftCoreGraphics.dylib
0x00000001b3721000 	/usr/lib/swift/libswiftFoundation.dylib
0x00000001fa595000 	/usr/lib/swift/libswiftSwiftOnoneSupport.dylib
0x00000001e6427000 	/System/Library/PrivateFrameworks/CoreMaterial.framework/Versions/A/CoreMaterial
0x000000026c4ed000 	/System/Library/PrivateFrameworks/SFSymbols.framework/Versions/A/SFSymbols
0x00000001b29ed000 	/System/Library/PrivateFrameworks/SpeechRecognitionCore.framework/Versions/A/SpeechRecognitionCore
0x00000001096fc000 	/opt/homebrew/Cellar/openjdk@21/21.0.12.1/libexec/openjdk.jdk/Contents/Home/lib/server/libjvm.dylib
0x00000001043b4000 	/opt/homebrew/Cellar/openjdk@21/21.0.12.1/libexec/openjdk.jdk/Contents/Home/lib/libjimage.dylib
0x0000000104448000 	/opt/homebrew/Cellar/openjdk@21/21.0.12.1/libexec/openjdk.jdk/Contents/Home/lib/libjava.dylib
0x0000000104494000 	/opt/homebrew/Cellar/openjdk@21/21.0.12.1/libexec/openjdk.jdk/Contents/Home/lib/libnio.dylib
0x0000000104760000 	/opt/homebrew/Cellar/openjdk@21/21.0.12.1/libexec/openjdk.jdk/Contents/Home/lib/libnet.dylib
0x000000010477c000 	/opt/homebrew/Cellar/openjdk@21/21.0.12.1/libexec/openjdk.jdk/Contents/Home/lib/libzip.dylib
0x0000000109258000 	/private/var/folders/qm/jfl8g5fn1zg_x_rh9fztk9s00000gn/T/nativelib-loader_16813277602998714818/libunicorn_java.dylib
0x0000000104794000 	/opt/homebrew/Cellar/openjdk@21/21.0.12.1/libexec/openjdk.jdk/Contents/Home/lib/libmanagement.dylib
0x00000001047a8000 	/opt/homebrew/Cellar/openjdk@21/21.0.12.1/libexec/openjdk.jdk/Contents/Home/lib/libmanagement_ext.dylib
0x0000000109000000 	/Users/lemanh/Library/Caches/JNA/temp/jna9114899308396203339.tmp
0x0000000127988000 	/Users/lemanh/Library/Caches/JNA/temp/jna13179168975253032267.tmp
0x0000000125f2c000 	/opt/homebrew/Cellar/openjdk@21/21.0.12.1/libexec/openjdk.jdk/Contents/Home/lib/libverify.dylib

JVMTI agents: none


VM Arguments:
jvm_args: -Djava.library.path=native 
java_command: tt.Dump
java_class_path (initial): build/classes/java/main:build/resources/main:/Users/lemanh/.gradle/caches/modules-2/files-2.1/com.github.zhkl0228/keystone/0.9.7/1543395b642dc30b382a9d30228cb8176a8ae69f/keystone-0.9.7.jar:/Users/lemanh/.gradle/caches/modules-2/files-2.1/com.github.zhkl0228/capstone/3.1.8/94a4455f4a96b2582e1324c12a9949b20ba8cff/capstone-3.1.8.jar:/Users/lemanh/.gradle/caches/modules-2/files-2.1/com.github.zhkl0228/unidbg-android/0.9.9/2ad12a6b96f9f712078d0d4a3ee4e6a31361affb/unidbg-android-0.9.9.jar:/Users/lemanh/.gradle/caches/modules-2/files-2.1/com.github.zhkl0228/unicorn/1.0.15/98fbf3d29b4294e415ee4ded2581a313dc24a486/unicorn-1.0.15.jar:/Users/lemanh/.gradle/caches/modules-2/files-2.1/com.github.zhkl0228/demumble/1.0.4/df15b56997d3ae5e29ed08c9927a5fd2543fe107/demumble-1.0.4.jar:/Users/lemanh/.gradle/caches/modules-2/files-2.1/com.github.zhkl0228/unidbg-api/0.9.9/1fec9b238b8e90bdfa0bc0f53e3e2a3d6ed5fad7/unidbg-api-0.9.9.jar:/Users/lemanh/.gradle/caches/modules-2/files-2.1/org.slf4j/slf4j-simple/1.7.36/a41f9cfe6faafb2eb83a1c7dd2d0dfd844e2a936/slf4j-simple-1.7.36.jar:/Users/lemanh/.gradle/caches/modules-2/files-2.1/org.slf4j/slf4j-api/2.0.16/172931663a09a1fa515567af5fbef00897d3c04/slf4j-api-2.0.16.jar:/Users/lemanh/.gradle/caches/modules-2/files-2.1/commons-codec/commons-codec/1.21.0/d95f998db5f89900fe895daf6cd2cddcb2f1d64b/commons-codec-1.21.0.jar:/Users/lemanh/.gradle/caches/modules-2/files-2.1/net.java.dev.jna/jna/5.10.0/7cf4c87dd802db50721db66947aa237d7ad09418/jna-5.10.0.jar:/Users/lemanh/.gradle/caches/modules-2/files-2.1/org.apache.commons/commons-collections4/4.5.0/e5cf89f0c6e132fc970bd9a465fdcb8dbe94f75a/commons-collections4-4.5.0.jar:/Users/lemanh/.gradle/caches/modules-2/files-2.1/com.alibaba/fastjson/1.2.83/9ee94951bc107d382519975d04bc950b6c6ab297/fastjson-1.2.83.jar:/Users/lemanh/.gradle/caches/modules-2/files-2.1/org.scijava/native-lib-loader/2.3.5/d0839c6644100972f4ea9d651ab6a86a35466f4/native-lib-loader-2.3.5.jar:/Users/lemanh/.gradle/caches/modules-2/files-2.1/commons-io/commons-io/2.21.0/52a6f68fe5afe335cde95461dd5c3412f04996f7/commons-io-2.21.0.jar:/Users/lemanh/.gradle/caches/modules-2/files-2.1/net.dongliu/apk-parser/2.6.10/df1aebc24067155190a9b7084ae461e6c62ad9a9/apk-parser-2.6.10.jar
Launcher Type: SUN_STANDARD

[Global flags]
     intx CICompilerCount                          = 4                                         {product} {ergonomic}
     uint ConcGCThreads                            = 2                                         {product} {ergonomic}
     uint G1ConcRefinementThreads                  = 8                                         {product} {ergonomic}
   size_t G1HeapRegionSize                         = 1048576                                   {product} {ergonomic}
    uintx GCDrainStackTargetSize                   = 64                                        {product} {ergonomic}
   size_t InitialHeapSize                          = 134217728                                 {product} {ergonomic}
   size_t MarkStackSize                            = 4194304                                   {product} {ergonomic}
   size_t MaxHeapSize                              = 2147483648                                {product} {ergonomic}
   size_t MaxNewSize                               = 1287651328                                {product} {ergonomic}
   size_t MinHeapDeltaBytes                        = 1048576                                   {product} {ergonomic}
   size_t MinHeapSize                              = 8388608                                   {product} {ergonomic}
    uintx NonNMethodCodeHeapSize                   = 5839564                                {pd product} {ergonomic}
    uintx NonProfiledCodeHeapSize                  = 122909338                              {pd product} {ergonomic}
    uintx ProfiledCodeHeapSize                     = 122909338                              {pd product} {ergonomic}
    uintx ReservedCodeCacheSize                    = 251658240                              {pd product} {ergonomic}
     bool SegmentedCodeCache                       = true                                      {product} {ergonomic}
   size_t SoftMaxHeapSize                          = 2147483648                             {manageable} {ergonomic}
     bool UseCompressedOops                        = true                           {product lp64_product} {ergonomic}
     bool UseG1GC                                  = true                                      {product} {ergonomic}
     bool UseNUMA                                  = false                                     {product} {ergonomic}
     bool UseNUMAInterleaving                      = false                                     {product} {ergonomic}

Logging:
Log output configuration:
 #0: stdout all=warning uptime,level,tags foldmultilines=false
 #1: stderr all=off uptime,level,tags foldmultilines=false

Release file:
IMPLEMENTOR="Homebrew"
IMPLEMENTOR_VERSION="Homebrew"
JAVA_RUNTIME_VERSION="21.0.12.1"
JAVA_VERSION="21.0.12.1"
JAVA_VERSION_DATE="2026-08-18"
LIBC="default"
MODULES="java.base java.compiler java.datatransfer java.xml java.prefs java.desktop java.instrument java.logging java.management java.security.sasl java.naming java.rmi java.management.rmi java.net.http java.scripting java.security.jgss java.transaction.xa java.sql java.sql.rowset java.xml.crypto java.se java.smartcardio jdk.accessibility jdk.internal.jvmstat jdk.attach jdk.charsets jdk.internal.opt jdk.zipfs jdk.compiler jdk.crypto.ec jdk.crypto.cryptoki jdk.dynalink jdk.internal.ed jdk.editpad jdk.hotspot.agent jdk.httpserver jdk.incubator.vector jdk.internal.le jdk.internal.vm.ci jdk.internal.vm.compiler jdk.internal.vm.compiler.management jdk.jartool jdk.javadoc jdk.jcmd jdk.management jdk.management.agent jdk.jconsole jdk.jdeps jdk.jdwp.agent jdk.jdi jdk.jfr jdk.jlink jdk.jpackage jdk.jshell jdk.jsobject jdk.jstatd jdk.localedata jdk.management.jfr jdk.naming.dns jdk.naming.rmi jdk.net jdk.nio.mapmode jdk.random jdk.sctp jdk.security.auth jdk.security.jgss jdk.unsupported jdk.unsupported.desktop jdk.xml.dom"
OS_ARCH="aarch64"
OS_NAME="Darwin"
SOURCE=""

Environment Variables:
JAVA_HOME=/opt/homebrew/opt/openjdk@21/libexec/openjdk.jdk/Contents/Home
PATH=/opt/homebrew/opt/openjdk@21/libexec/openjdk.jdk/Contents/Home/bin:/Users/lemanh/.bun/bin:/opt/homebrew/opt/php@8.1/sbin:/opt/homebrew/opt/php@8.1/bin:/Users/lemanh/Library/Application Support/Herd/bin/:/opt/homebrew/opt/php@8.1/sbin:/opt/homebrew/opt/php@8.1/bin:/opt/homebrew/opt/php@7.4/sbin:/opt/homebrew/opt/php@7.4/bin:/opt/homebrew/opt/php@8.1/sbin:/opt/homebrew/opt/php@8.1/bin:/opt/homebrew/opt/php@7.4/sbin:/opt/homebrew/opt/php@7.4/bin:/opt/homebrew/opt/php@7.4/sbin:/opt/homebrew/opt/php@7.4/bin:/opt/homebrew/opt/php@7.2/sbin:/opt/homebrew/opt/php@7.2/bin:/opt/homebrew/opt/php@7.2/sbin:/opt/homebrew/opt/php@7.2/bin:/opt/homebrew/opt/php@8.2/sbin:/opt/homebrew/opt/php@8.2/bin:/opt/homebrew/opt/php@8.1/sbin:/opt/homebrew/opt/php@8.1/bin:/opt/homebrew/opt/php@8.2/sbin:/opt/homebrew/opt/php@8.2/bin:/opt/homebrew/opt/php@8.1/sbin:/opt/homebrew/opt/php@8.1/bin:/opt/homebrew/opt/php@8.1/sbin:/opt/homebrew/opt/php@8.1/bin:/opt/homebrew/opt/php@8.2/sbin:/opt/homebrew/opt/php@8.2/bin:/opt/homebrew/opt/php@8.1/sbin:/opt/homebrew/opt/php@8.1/bin:/opt/homebrew/opt/php@8.3/sbin:/opt/homebrew/opt/php@8.3/bin:/opt/homebrew/bin:/opt/homebrew/opt/php@8.1/sbin:/opt/homebrew/opt/php@8.1/bin:/opt/homebrew/opt/php@8.3/sbin:/opt/homebrew/opt/php@8.3/bin:/opt/homebrew/opt/php@8.3/sbin:/opt/homebrew/opt/php@8.3/bin:/opt/homebrew/opt/php@8.2/sbin:/opt/homebrew/opt/php@8.2/bin:/opt/homebrew/opt/php@8.2/sbin:/opt/homebrew/opt/php@8.2/bin:/opt/homebrew/opt/php@8.3/sbin:/opt/homebrew/opt/php@8.3/bin:/opt/homebrew/opt/php@8.1/sbin:/opt/homebrew/opt/php@8.1/bin:/opt/homebrew/opt/php@8.2/sbin:/opt/homebrew/opt/php@8.2/bin:/opt/homebrew/opt/php@8.3/sbin:/opt/homebrew/opt/php@8.3/bin:/opt/homebrew/opt/php@8.3/sbin:/opt/homebrew/opt/php@8.3/bin:/opt/homebrew/opt/php@8.1/sbin:/opt/homebrew/opt/php@8.1/bin:/opt/homebrew/opt/php@8.2/sbin:/opt/homebrew/opt/php@8.2/bin:/opt/homebrew/opt/php@8.3/sbin:/opt/homebrew/opt/php@8.3/bin:/opt/homebrew/opt/php@8.2/sbin:/opt/homebrew/opt/php@8.2/bin:/Users/lemanh/.nvm/versions/node/v20.19.5/bin:/Users/lemanh/.config/herd-lite/bin:/opt/homebrew/bin:/opt/homebrew/sbin:/usr/local/bin:/System/Cryptexes/App/usr/bin:/usr/bin:/bin:/usr/sbin:/sbin:/var/run/com.apple.security.cryptexd/codex.system/bootstrap/usr/local/bin:/var/run/com.apple.security.cryptexd/codex.system/bootstrap/usr/bin:/var/run/com.apple.security.cryptexd/codex.system/bootstrap/usr/appleinternal/bin:/Library/Apple/usr/bin:/Users/lemanh/.bun/bin:/opt/homebrew/opt/php@8.1/sbin:/opt/homebrew/opt/php@8.1/bin:/Users/lemanh/Library/Application Support/Herd/bin/:/opt/homebrew/opt/php@7.4/sbin:/opt/homebrew/opt/php@7.4/bin:/opt/homebrew/opt/php@7.2/sbin:/opt/homebrew/opt/php@7.2/bin:/opt/homebrew/opt/php@8.2/sbin:/opt/homebrew/opt/php@8.2/bin:/opt/homebrew/opt/php@8.3/sbin:/opt/homebrew/opt/php@8.3/bin:/Users/lemanh/Library/pnpm:/Users/lemanh/.nvm/versions/node/v20.19.5/bin:/Users/lemanh/.config/herd-lite/bin:/Users/lemanh/Applications/iTerm.app/Contents/Resources/utilities:/Users/lemanh/Library/Application Support/JetBrains/Toolbox/scripts:/Users/lemanh/Library/Application Support/JetBrains/Toolbox/scripts:/Users/lemanh/.claude/plugins/cache/claude-plugins-official/agent-sdk-dev/ed404106fcd8/bin:/Users/lemanh/.claude/plugins/cache/claude-plugins-official/claude-code-setup/1.0.0/bin:/Users/lemanh/.claude/plugins/cache/claude-plugins-official/feature-dev/ed404106fcd8/bin:/Users/lemanh/.claude/plugins/cache/claude-plugins-official/lua-lsp/1.0.0/bin:/Users/lemanh/.claude/plugins/cache/claude-plugins-official/posthog/1.1.58/bin:/Users/lemanh/.claude/plugins/cache/claude-plugins-official/slack/1.2.0/bin:/Users/lemanh/.claude/plugins/cache/claude-plugins-official/ai-plugins/adc5aa4a357c/bin:/Users/lemanh/.claude/plugins/cache/claude-plugins-official/aikido/1.2.6/bin:/Users/lemanh/.claude/plugins/cache/claude-plugins-official/amazon-location-service/1.0.0/bin:/Users/lemanh/.claude/plugins/cache/claude-plugins-official/amplitude/90c0a8e658db-f37d92d1/bin:/Users/lemanh/.claude/plugins/cache/claude-plugins-official/asana/ed404106fcd8/bin:/Users/lemanh/.claude/plugins/cache/claude-plugins-official/astronomer-data-agents/0.1.0/bin:/Users/lemanh/.claude/plugins/cache/claude-plugins-official/atlan/1.0.0/bin:/Users/lemanh/.claude/plugins/cache/claude-plugins-official/atlassian/94a30436435f/bin:/Users/lemanh/.claude/plugins/cache/claude-plugins-official/atomic-agents/b15ca449a812/bin:/Users/lemanh/.claude/plugins/cache/claude-plugins-official/aws-amplify/1.0.0/bin:/Users/lemanh/.claude/plugins/cache/claude-plugins-official/aws-serverless/1.3.0/bin:/Users/lemanh/.claude/plugins/cache/claude-plugins-official/azure-cosmos-db-assistant/1.0.0/bin:/Users/lemanh/.claude/plugins/cache/claude-plugins-official/base44/1.0.0-beta.1/bin:/Users/lemanh/.claude/plugins/cache/claude-plugins-official/bigdata-com/1.2.0/bin:/Users/lemanh/.claude/plugins/cache/claude-plugins-official/box/1.0.0/bin:/Users/lemanh/.claude/plugins/cache/claude-plugins-official/cds-mcp/0.0.5/bin:/Users/lemanh/.claude/plugins/cache/claude-plugins-official/chrome-devtools-mcp/1.7.0/bin:/Users/lemanh/.claude/plugins/cache/claude-plugins-official/circleback/1.0.0/bin:/Users/lemanh/.claude/plugins/cache/claude-plugins-official/clangd-lsp/1.0.0/bin:/Users/lemanh/.claude/plugins/cache/claude-plugins-official/claude-md-management/1.0.0/bin:/Users/lemanh/.claude/plugins/cache/claude-plugins-official/cloudflare/1.0.0/bin:/Users/lemanh/.claude/plugins/cache/claude-plugins-official/cloudinary/1.2.0/bin:/Users/lemanh/.claude/plugins/cache/claude-plugins-official/cockroachdb/0.1.10/bin:/Users/lemanh/.claude/plugins/cache/claude-plugins-official/code-review/ed404106fcd8/bin:/Users/lemanh/.claude/plugins/cache/claude-plugins-official/code-simplifier/1.0.0/bin:/Users/lemanh/.claude/plugins/cache/claude-plugins-official/coderabbit/1.1.1/bin:/Users/lemanh/.claude/plugins/cache/claude-plugins-official/commit-commands/ed404106fcd8/bin:/Users/lemanh/.claude/plugins/cache/claude-plugins-official/context7/ed404106fcd8/bin:/Users/lemanh/.claude/plugins/cache/claude-plugins-official/csharp-lsp/1.0.0/bin:/Users/lemanh/.claude/plugins/cache/claude-plugins-official/data/0.1.0/bin:/Users/lemanh/.claude/plugins/cache/claude-plugins-official/data-engineering/0.1.0/bin:/Users/lemanh/.claude/plugins/cache/claude-plugins-official/databases-on-aws/1.7.0/bin:/Users/lemanh/.claude/plugins/cache/claude-plugins-official/dataverse/1.11.2/bin:/Users/lemanh/.claude/plugins/cache/claude-plugins-official/deploy-on-aws/1.3.0/bin:/Users/lemanh/.claude/plugins/cache/claude-plugins-official/discord/0.0.4/bin:/Users/lemanh/.claude/plugins/cache/claude-plugins-official/explanatory-output-style/1.0.0/bin:/Users/lemanh/.claude/plugins/cache/claude-plugins-official/expo/1.12.0/bin:/Users/lemanh/.claude/plugins/cache/claude-plugins-official/fakechat/0.0.1/bin:/Users/lemanh/.claude/plugins/cache/claude-plugins-official/fastly-agent-toolkit/0.1.0/bin:/Users/lemanh/.claude/plugins/cache/claude-plugins-official/fiftyone/1.0.3/bin:/Users/lemanh/.claude/plugins/cache/claude-plugins-official/figma/2.2.96/bin:/Users/lemanh/.claude/plugins/cache/claude-plugins-official/firebase/ed404106fcd8/bin:/Users/lemanh/.claude/plugins/cache/claude-plugins-official/firecrawl/1.0.9/bin:/Users/lemanh/.claude/plugins/cache/claude-plugins-official/frontend-design/ed404106fcd8/bin:/Users/lemanh/.claude/plugins/cache/claude-plugins-official/github/ed404106fcd8/bin:/Users/lemanh/.claude/plugins/cache/claude-plugins-official/gitlab/ed404106fcd8/bin:/Users/lemanh/.claude/plugins/cache/claude-plugins-official/gopls-lsp/1.0.0/bin:/Users/lemanh/.claude/plugins/cache/claude-plugins-official/greptile/ed404106fcd8/bin:/Users/lemanh/.claude/plugins/cache/claude-plugins-official/hookify/ed404106fcd8/bin:/Users/lemanh/.claude/plugins/cache/claude-plugins-official/huggingface-skills/1.0.25/bin:/Users/lemanh/.claude/plugins/cache/claude-plugins-official/imessage/0.1.0/bin:/Users/lemanh/.claude/plugins/cache/claude-plugins-official/intercom/0.1.0/bin:/Users/lemanh/.claude/plugins/cache/claude-plugins-official/jdtls-lsp/1.0.0/bin:/Users/lemanh/.claude/plugins/cache/claude-plugins-official/kotlin-lsp/1.0.0/bin:/Users/lemanh/.claude/plugins/cache/claude-plugins-official/laravel-boost/ed404106fcd8/bin:/Users/lemanh/.claude/plugins/cache/claude-plugins-official/learning-output-style/1.0.0/bin:/Users/lemanh/.claude/plugins/cache/claude-plugins-official/legalzoom/1.0.0/bin:/Users/lemanh/.claude/plugins/cache/claude-plugins-official/linear/ed404106fcd8/bin:/Users/lemanh/.claude/plugins/cache/claude-plugins-official/math-olympiad/ed404106fcd8/bin:/Users/lemanh/.claude/plugins/cache/claude-plugins-official/mcp-server-dev/ed404106fcd8/bin:/Users/lemanh/.claude/plugins/cache/claude-plugins-official/microsoft-docs/0.3.1/bin:/Users/lemanh/.claude/plugins/cache/claude-plugins-official/mintlify/acd6d2e0128c/bin:/Users/lemanh/.claude/plugins/cache/claude-plugins-official/miro/1.3.0/bin:/Users/lemanh/.claude/plugins/cache/claude-plugins-official/mongodb/1.2.0/bin:/Users/lemanh/.claude/plugins/cache/claude-plugins-official/neon/1.1.2/bin:/Users/lemanh/.claude/plugins/cache/claude-plugins-official/netlify-skills/1.2.1/bin:/Users/lemanh/.claude/plugins/cache/claude-plugins-official/netsuite-suitecloud/1.0.0/bin:/Users/lemanh/.claude/plugins/cache/claude-plugins-official/nightvision/1.1.0/bin:/Users/lemanh/.claude/plugins/cache/claude-plugins-official/nimble/1.6.1/bin:/Users/lemanh/.claude/plugins/cache/claude-plugins-official/notion/0.1.0/bin:/Users/lemanh/.claude/plugins/cache/claude-plugins-official/pagerduty/1.1.0/bin:/Users/lemanh/.claude/plugins/cache/claude-plugins-official/php-lsp/1.0.0/bin:/Users/lemanh/.claude/plugins/cache/claude-plugins-official/pinecone/1.6.0/bin:/Users/lemanh/.claude/plugins/cache/claude-plugins-official/planetscale/1.0.0/bin:/Users/lemanh/.claude/plugins/cache/claude-plugins-official/playground/ed404106fcd8/bin:/Users/lemanh/.claude/plugins/cache/claude-plugins-official/playwright/ed404106fcd8/bin:/Users/lemanh/.claude/plugins/cache/claude-plugins-official/plugin-dev/ed404106fcd8/bin:/Users/lemanh/.claude/plugins/cache/claude-plugins-official/postiz/2.0.12/bin:/Users/lemanh/.claude/plugins/cache/claude-plugins-official/postman/1.3.1/bin:/Users/lemanh/.claude/plugins/cache/claude-plugins-official/pr-review-toolkit/ed404106fcd8/bin:/Users/lemanh/.claude/plugins/cache/claude-plugins-official/prisma/815dbc4a045a/bin:/Users/lemanh/.claude/plugins/cache/claude-plugins-official/pydantic-ai/0.1.0/bin:/Users/lemanh/.claude/plugins/cache/claude-plugins-official/pyright-lsp/1.0.0/bin:/Users/lemanh/.claude/plugins/cache/claude-plugins-official/railway/1.3.7/bin:/Users/lemanh/.claude/plugins/cache/claude-plugins-official/ralph-loop/1.0.0/bin:/Users/lemanh/.claude/plugins/cache/claude-plugins-official/rc/2.0.1/bin:/Users/lemanh/.claude/plugins/cache/claude-plugins-official/remember/0.20.0/bin:/Users/lemanh/.claude/plugins/cache/claude-plugins-official/revenuecat/2.0.1/bin:/Users/lemanh/.claude/plugins/cache/claude-plugins-official/ruby-lsp/1.0.0/bin:/Users/lemanh/.claude/plugins/cache/claude-plugins-official/rust-analyzer-lsp/1.0.0/bin:/Users/lemanh/.claude/plugins/cache/claude-plugins-official/sagemaker-ai/1.3.0/bin:/Users/lemanh/.claude/plugins/cache/claude-plugins-official/sanity/1.0.0/bin:/Users/lemanh/.claude/plugins/cache/claude-plugins-official/security-guidance/2.0.7/bin:/Users/lemanh/.claude/plugins/cache/claude-plugins-official/semgrep/2.1.4/bin:/Users/lemanh/.claude/plugins/cache/claude-plugins-official/sentry/1.3.2/bin:/Users/lemanh/.claude/plugins/cache/claude-plugins-official/serena/ed404106fcd8/bin:/Users/lemanh/.claude/plugins/cache/claude-plugins-official/session-report/ed404106fcd8/bin:/Users/lemanh/.claude/plugins/cache/claude-plugins-official/shopify-ai-toolkit/1.7.0/bin:/Users/lemanh/.claude/plugins/cache/claude-plugins-official/skill-creator/ed404106fcd8/bin:/Users/lemanh/.claude/plugins/cache/claude-plugins-official/sonarqube/2.5.0/bin:/Users/lemanh/.claude/plugins/cache/claude-plugins-official/sonatype-guide/1.0.0/bin:/Users/lemanh/.claude/plugins/cache/claude-plugins-official/sourcegraph/0.1.0/bin:/Users/lemanh/.claude/plugins/cache/claude-plugins-official/spotify-ads-api/1.8.0/bin:/Users/lemanh/.claude/plugins/cache/claude-plugins-official/stripe/0.6.3/bin:/Users/lemanh/.claude/plugins/cache/claude-plugins-official/sumup/1.0.0/bin:/Users/lemanh/.claude/plugins/cache/claude-plugins-official/supabase/0.1.15/bin:/Users/lemanh/.claude/plugins/cache/claude-plugins-official/superpowers/6.3.0/bin:/Users/lemanh/.claude/plugins/cache/claude-plugins-official/swift-lsp/1.0.0/bin:/Users/lemanh/.claude/plugins/cache/claude-plugins-official/telegram/0.0.7/bin:/Users/lemanh/.claude/plugins/cache/claude-plugins-official/terraform/ed404106fcd8/bin:/Users/lemanh/.claude/plugins/cache/claude-plugins-official/typescript-lsp/1.0.0/bin:/Users/lemanh/.claude/plugins/cache/claude-plugins-official/ui5/0.1.8/bin:/Users/lemanh/.claude/plugins/cache/claude-plugins-official/ui5-typescript-conversion/0.1.8/bin:/Users/lemanh/.claude/plugins/cache/claude-plugins-official/agentforce-adlc/0.11.0/bin:/Users/lemanh/.claude/plugins/cache/claude-plugins-official/qodo/0.6.1/bin:/Users/lemanh/.claude/plugins/cache/claude-plugins-official/azure/1.2.32/bin
SHELL=/bin/zsh
LANG=en_US.UTF-8
TERM=xterm-256color
TMPDIR=/var/folders/qm/jfl8g5fn1zg_x_rh9fztk9s00000gn/T/

Active Locale:
LC_ALL=en_US.UTF-8
LC_COLLATE=en_US.UTF-8
LC_CTYPE=en_US.UTF-8
LC_MESSAGES=en_US.UTF-8
LC_MONETARY=en_US.UTF-8
LC_NUMERIC=en_US.UTF-8
LC_TIME=en_US.UTF-8

Signal Handlers:
   SIGSEGV: crash_handler in libjvm.dylib, mask=11100110000111110111111111111111, flags=SA_ONSTACK|SA_RESTART|SA_SIGINFO, unblocked
    SIGBUS: crash_handler in libjvm.dylib, mask=11100110000111110111111111111111, flags=SA_RESTART|SA_SIGINFO, unblocked
    SIGFPE: crash_handler in libjvm.dylib, mask=11100110000111110111111111111111, flags=SA_RESTART|SA_SIGINFO, unblocked
   SIGPIPE: javaSignalHandler in libjvm.dylib, mask=11100110000111110111111111111111, flags=SA_RESTART|SA_SIGINFO, blocked
   SIGXFSZ: javaSignalHandler in libjvm.dylib, mask=11100110000111110111111111111111, flags=SA_RESTART|SA_SIGINFO, blocked
    SIGILL: crash_handler in libjvm.dylib, mask=11100110000111110111111111111111, flags=SA_RESTART|SA_SIGINFO, unblocked
   SIGUSR2: SR_handler in libjvm.dylib, mask=00000000000000000000000000000000, flags=SA_RESTART|SA_SIGINFO, blocked
    SIGHUP: UserHandler in libjvm.dylib, mask=11100110000111110111111111111111, flags=SA_RESTART|SA_SIGINFO, blocked
    SIGINT: UserHandler in libjvm.dylib, mask=11100110000111110111111111111111, flags=SA_RESTART|SA_SIGINFO, blocked
   SIGTERM: UserHandler in libjvm.dylib, mask=11100110000111110111111111111111, flags=SA_RESTART|SA_SIGINFO, blocked
   SIGQUIT: UserHandler in libjvm.dylib, mask=11100110000111110111111111111111, flags=SA_RESTART|SA_SIGINFO, blocked
   SIGTRAP: crash_handler in libjvm.dylib, mask=11100110000111110111111111111111, flags=SA_RESTART|SA_SIGINFO, unblocked


Periodic native trim disabled

---------------  S Y S T E M  ---------------

OS:
uname: Darwin 24.5.0 Darwin Kernel Version 24.5.0: Tue Apr 22 19:54:26 PDT 2025; root:xnu-11417.121.6~2/RELEASE_ARM64_T8112 arm64
OS uptime: 2 days 16:19 hours
rlimit (soft/hard): STACK 8176k/65520k , CORE 0k/infinity , NPROC 1333/2000 , NOFILE 1048576/infinity , AS infinity/infinity , CPU infinity/infinity , DATA infinity/infinity , FSIZE infinity/infinity , MEMLOCK infinity/infinity , RSS infinity/infinity
load average: 8.12 6.94 7.17

CPU: total 8 (initial active 8) 0x61:0x0:0xda33d83d:0, fp, asimd, aes, pmull, sha1, sha256, crc32, lse, sha3, sha512
machdep.cpu.brand_string:Apple M2
hw.cachelinesize:128
hw.l1icachesize:131072
hw.l1dcachesize:65536
hw.l2cachesize:4194304

Memory: 16k page, physical 8388608k(166192k free), swap 8388608k(991232k free)

vm_info: OpenJDK 64-Bit Server VM (21.0.12.1) for bsd-aarch64 JRE (21.0.12.1), built on 2026-08-07T11:31:48Z by "brew" with clang Apple LLVM 17.0.0 (clang-1700.6.4.2)

END.
